user_id,install_date,game_platform,country,campaign
1111,2018-12-31,android,DE,29.0
1119,2018-12-31,android,AT,29.0
1121,2018-12-31,android,DE,29.0
1141,2018-12-31,android,NL,29.0
1144,2018-12-31,android,CH,29.0
1151,2018-12-31,android,AT,29.0
1153,2018-12-31,android,DE,29.0
1160,2018-12-31,android,CH,29.0
1164,2018-12-31,android,DE,29.0
1168,2018-12-31,android,DE,29.0
1183,2018-12-31,android,DE,29.0
1191,2018-12-31,android,DE,29.0
1207,2018-12-31,android,DE,29.0
1215,2019-01-01,android,IT,29.0
1217,2018-12-31,android,BE,29.0
1226,2018-12-31,android,DE,29.0
1231,2018-12-31,android,DE,29.0
1232,2018-12-31,android,DE,29.0
1249,2018-12-31,android,DE,29.0
1256,2018-12-31,android,DE,29.0
1259,2018-12-31,android,DE,29.0
1262,2019-01-01,android,AT,29.0
1263,2018-12-31,android,DE,29.0
1291,2018-12-31,android,DE,29.0
1294,2018-12-31,android,DE,29.0
1320,2019-01-01,android,DE,29.0
1327,2018-12-31,android,AT,29.0
1332,2018-12-31,android,DE,29.0
1343,2018-12-31,android,DE,29.0
1352,2018-12-31,android,DE,29.0
1354,2018-12-31,android,DE,29.0
1379,2018-12-31,android,DE,29.0
1380,2018-12-31,android,DE,29.0
1385,2019-01-01,android,DE,29.0
1398,2018-12-31,android,DE,29.0
1405,2018-12-31,android,AT,29.0
1412,2018-12-31,android,DE,29.0
1415,2018-12-31,android,DE,29.0
1419,2018-12-31,android,DE,29.0
1432,2018-12-31,android,DE,29.0
1434,2018-12-31,android,DE,29.0
1444,2018-12-31,android,DE,29.0
1447,2018-12-31,android,IT,29.0
1467,2018-12-31,android,DE,29.0
1468,2018-12-31,android,DE,29.0
1480,2018-12-31,android,DE,29.0
1484,2018-12-31,android,DE,29.0
1492,2018-12-31,android,AT,29.0
1493,2018-12-31,android,DE,29.0
1535,2018-12-31,android,DE,29.0
1536,2018-12-31,android,DE,29.0
1544,2018-12-31,android,DE,29.0
1545,2018-12-31,android,DE,29.0
1554,2018-12-31,android,DE,29.0
1563,2018-12-31,android,DE,29.0
1571,2018-12-31,android,AT,29.0
1601,2018-12-31,android,IT,29.0
1603,2018-12-31,android,DE,29.0
1606,2018-12-31,android,DE,29.0
1607,2018-12-31,android,DE,29.0
1617,2018-12-31,android,DE,29.0
1629,2018-12-31,android,DE,29.0
1642,2018-12-31,android,DE,29.0
1661,2018-12-31,android,DE,29.0
1662,2018-12-31,android,DE,29.0
1694,2018-12-31,android,DE,29.0
1712,2018-12-31,android,DE,29.0
1715,2018-12-31,android,DE,29.0
1734,2018-12-31,android,DE,29.0
1745,2018-12-31,android,DE,29.0
1757,2018-12-31,android,AT,29.0
1759,2018-12-31,android,CH,29.0
1770,2018-12-31,android,DE,29.0
1808,2018-12-31,android,CH,29.0
1809,2018-12-31,android,DE,29.0
1811,2018-12-31,android,NL,29.0
1812,2018-12-31,android,DE,29.0
1814,2018-12-31,android,DE,29.0
1822,2018-12-31,android,DE,29.0
1842,2018-12-31,android,DE,29.0
1849,2018-12-31,android,DE,29.0
1873,2018-12-31,android,DE,29.0
1876,2018-12-31,android,IT,29.0
1879,2018-12-31,android,DE,29.0
1882,2018-12-31,android,DE,29.0
1915,2018-12-31,android,DE,29.0
1919,2018-12-31,android,AT,29.0
1924,2018-12-31,android,DE,29.0
1927,2018-12-31,android,DE,29.0
1928,2018-12-31,android,DE,29.0
1929,2018-12-31,android,AT,29.0
1933,2019-01-01,android,AT,29.0
1936,2018-12-31,android,DE,29.0
1939,2018-12-31,android,DE,29.0
1948,2018-12-31,android,AT,29.0
1962,2018-12-31,android,DE,29.0
1971,2018-12-31,android,IT,29.0
1978,2018-12-31,android,DE,29.0
1982,2018-12-31,android,DE,29.0
1989,2018-12-31,android,DE,29.0
1991,2018-12-31,android,DE,29.0
1995,2018-12-31,android,DE,29.0
2010,2018-12-31,android,DE,29.0
2014,2018-12-31,android,DE,29.0
2021,2018-12-31,android,DE,29.0
2042,2018-12-31,android,DE,29.0
2059,2018-12-31,android,DE,29.0
2060,2018-12-31,android,DE,29.0
2076,2018-12-31,android,DE,29.0
2099,2018-12-31,android,DE,29.0
2122,2018-12-31,android,DE,29.0
2146,2018-12-31,android,DE,29.0
2157,2018-12-31,android,DE,29.0
2160,2018-12-31,android,AT,29.0
2177,2018-12-31,android,DE,29.0
2178,2018-12-31,android,DE,29.0
2188,2018-12-31,android,DE,29.0
2191,2019-01-01,android,DE,29.0
2196,2018-12-31,android,DE,29.0
2203,2018-12-31,android,DE,29.0
2210,2019-01-01,android,DE,29.0
2220,2018-12-31,android,DE,29.0
2225,2018-12-31,android,BE,29.0
2241,2018-12-31,android,DE,29.0
2244,2018-12-31,android,CH,29.0
2256,2018-12-31,android,AT,29.0
2258,2018-12-31,android,DE,29.0
2261,2018-12-31,android,DE,29.0
2270,2018-12-31,android,DE,29.0
2282,2018-12-31,android,DE,29.0
2288,2018-12-31,android,DE,29.0
2301,2018-12-31,android,DE,29.0
2303,2018-12-31,android,DE,29.0
2310,2018-12-31,android,DE,29.0
2314,2018-12-31,android,AT,29.0
2327,2018-12-31,android,DE,29.0
2336,2018-12-31,android,DE,29.0
2345,2018-12-31,android,DE,29.0
2361,2018-12-31,android,DE,29.0
2378,2018-12-31,android,DE,29.0
2405,2018-12-31,android,DE,29.0
2409,2018-12-31,android,DE,29.0
2413,2018-12-31,android,DE,29.0
2420,2018-12-31,android,DE,29.0
2423,2018-12-31,android,DE,29.0
2424,2018-12-31,android,DE,29.0
2435,2018-12-31,android,DE,29.0
2458,2018-12-31,android,DE,29.0
2502,2018-12-31,android,DE,29.0
2503,2018-12-31,android,DE,29.0
2505,2019-01-01,android,AT,29.0
2511,2018-12-31,android,DE,29.0
2521,2018-12-31,android,DE,29.0
2534,2018-12-31,android,AT,29.0
2537,2018-12-31,android,AT,29.0
2539,2018-12-31,android,DE,29.0
2555,2018-12-31,android,DE,29.0
2568,2018-12-31,android,DE,29.0
2569,2019-01-01,android,DE,29.0
2572,2018-12-31,android,NL,29.0
2577,2018-12-31,android,DE,29.0
2610,2018-12-31,android,DE,29.0
2611,2018-12-31,android,DE,29.0
2639,2018-12-31,android,DE,29.0
2658,2018-12-31,android,DE,29.0
2664,2019-01-01,android,DE,29.0
2682,2018-12-31,android,AT,29.0
2713,2018-12-31,android,DE,29.0
2719,2018-12-31,android,DE,29.0
2724,2018-12-31,android,DE,29.0
2737,2018-12-31,android,DE,29.0
2744,2018-12-31,android,DE,29.0
2747,2018-12-31,android,IT,29.0
2752,2018-12-31,android,DE,29.0
2755,2018-12-31,android,DE,29.0
2763,2018-12-31,android,DE,29.0
2773,2018-12-31,android,DE,29.0
2790,2018-12-31,android,DE,29.0
2794,2018-12-31,android,AT,29.0
2804,2018-12-31,android,DE,29.0
2818,2018-12-31,android,AT,29.0
2837,2018-12-31,android,DE,29.0
2855,2018-12-31,android,DE,29.0
2878,2018-12-31,android,DE,29.0
2899,2018-12-31,android,DE,29.0
2909,2018-12-31,android,DE,29.0
2919,2018-12-31,android,DE,29.0
2928,2018-12-31,android,DE,29.0
2931,2018-12-31,android,DE,29.0
2984,2018-12-31,android,DE,29.0
2985,2018-12-31,android,DE,29.0
2997,2018-12-31,android,IT,29.0
1622,2018-12-31,android,TN,40.0
1099,2018-12-31,android,DE,26.0
1106,2018-12-31,android,US,26.0
1115,2018-12-31,android,FR,26.0
1152,2018-12-31,android,US,26.0
1157,2018-12-31,android,US,26.0
1180,2018-12-31,android,US,26.0
1181,2018-12-31,android,US,26.0
1203,2018-12-31,android,NO,26.0
1268,2018-12-31,android,US,26.0
1270,2018-12-31,android,FR,26.0
1275,2018-12-31,android,FR,26.0
1298,2018-12-31,android,US,26.0
1311,2018-12-31,android,DE,26.0
1323,2018-12-31,android,FR,26.0
1353,2018-12-31,android,US,26.0
1358,2018-12-31,android,US,26.0
1416,2018-12-31,android,US,26.0
1463,2018-12-31,android,US,26.0
1487,2019-01-01,android,US,26.0
1512,2018-12-31,android,FR,26.0
1516,2018-12-31,android,AU,26.0
1530,2018-12-31,android,AU,26.0
1551,2018-12-31,android,US,26.0
1559,2018-12-31,android,US,26.0
1568,2018-12-31,android,US,26.0
1577,2018-12-31,android,US,26.0
1579,2018-12-31,android,FR,26.0
1619,2018-12-31,android,US,26.0
1628,2018-12-31,android,US,26.0
1636,2018-12-31,android,US,26.0
1672,2018-12-31,android,US,26.0
1689,2018-12-31,android,US,26.0
1698,2018-12-31,android,FR,26.0
1731,2019-01-01,android,US,26.0
1758,2018-12-31,android,FR,26.0
1772,2018-12-31,android,FR,26.0
1774,2018-12-31,android,US,26.0
1796,2019-01-01,android,US,26.0
1819,2018-12-31,android,US,26.0
1840,2018-12-31,android,US,26.0
1863,2018-12-31,android,US,26.0
1870,2018-12-31,android,DE,26.0
1902,2018-12-31,android,DE,26.0
1932,2018-12-31,android,US,26.0
1945,2018-12-31,android,US,26.0
1966,2018-12-31,android,NL,26.0
1980,2018-12-31,android,US,26.0
1999,2018-12-31,android,US,26.0
2009,2018-12-31,android,FR,26.0
2044,2018-12-31,android,DK,26.0
2053,2018-12-31,android,US,26.0
2061,2018-12-31,android,US,26.0
2073,2018-12-31,android,US,26.0
2090,2018-12-31,android,US,26.0
2103,2018-12-31,android,US,26.0
2132,2018-12-31,android,FR,26.0
2144,2018-12-31,android,US,26.0
2161,2019-01-01,android,US,26.0
2167,2018-12-31,android,US,26.0
2169,2018-12-31,android,US,26.0
2172,2018-12-31,android,US,26.0
2175,2018-12-31,android,US,26.0
2189,2018-12-31,android,US,26.0
2190,2018-12-31,android,US,26.0
2204,2018-12-31,android,US,26.0
2239,2019-01-01,android,US,26.0
2240,2018-12-31,android,US,26.0
2242,2018-12-31,android,FR,26.0
2243,2018-12-31,android,FR,26.0
2249,2018-12-31,android,US,26.0
2278,2018-12-31,android,US,26.0
2304,2018-12-31,android,AU,26.0
2321,2018-12-31,android,FR,26.0
2324,2018-12-31,android,US,26.0
2329,2018-12-31,android,FR,26.0
2353,2018-12-31,android,DK,26.0
2368,2018-12-31,android,US,26.0
2385,2018-12-31,android,AU,26.0
2400,2019-01-01,android,US,26.0
2403,2018-12-31,android,US,26.0
2444,2018-12-31,android,AU,26.0
2452,2018-12-31,android,FR,26.0
2470,2018-12-31,android,US,26.0
2471,2019-01-01,android,AU,26.0
2480,2018-12-31,android,US,26.0
2517,2018-12-31,android,FR,26.0
2518,2018-12-31,android,DE,26.0
2553,2018-12-31,android,US,26.0
2592,2018-12-31,android,US,26.0
2593,2018-12-31,android,US,26.0
2628,2018-12-31,android,AU,26.0
2644,2018-12-31,android,US,26.0
2646,2018-12-31,android,FR,26.0
2648,2018-12-31,android,FR,26.0
2654,2018-12-31,android,US,26.0
2659,2019-01-01,android,FR,26.0
2674,2018-12-31,android,US,26.0
2676,2018-12-31,android,US,26.0
2683,2018-12-31,android,US,26.0
2685,2018-12-31,android,FR,26.0
2694,2018-12-31,android,DE,26.0
2703,2018-12-31,android,US,26.0
2723,2018-12-31,android,US,26.0
2733,2018-12-31,android,US,26.0
2739,2018-12-31,android,FR,26.0
2745,2018-12-31,android,US,26.0
2758,2018-12-31,android,DK,26.0
2798,2019-01-01,android,US,26.0
2826,2018-12-31,android,US,26.0
2854,2018-12-31,android,AU,26.0
2861,2019-01-01,android,US,26.0
2893,2018-12-31,android,US,26.0
2951,2018-12-31,android,US,26.0
2959,2018-12-31,android,US,26.0
2965,2018-12-31,android,US,26.0
4,2018-12-31,ios,AT,3.0
13,2018-12-31,ios,DE,3.0
23,2018-12-31,ios,AT,3.0
31,2018-12-31,ios,DE,3.0
34,2018-12-31,ios,DE,3.0
43,2018-12-31,ios,AT,3.0
48,2018-12-31,ios,AT,3.0
49,2018-12-31,ios,DE,3.0
50,2018-12-31,ios,DE,3.0
56,2018-12-31,ios,AT,3.0
67,2018-12-31,ios,DE,3.0
77,2018-12-31,ios,AT,3.0
80,2018-12-31,ios,DE,3.0
83,2018-12-31,ios,DE,3.0
92,2018-12-31,ios,DE,3.0
105,2018-12-31,ios,DE,3.0
106,2018-12-31,ios,DE,3.0
108,2018-12-31,ios,DE,3.0
112,2018-12-31,ios,DE,3.0
129,2018-12-31,ios,AT,3.0
130,2018-12-31,ios,AT,3.0
140,2018-12-31,ios,DE,3.0
145,2018-12-31,ios,AT,3.0
162,2018-12-31,ios,DE,3.0
163,2018-12-31,ios,DE,3.0
165,2018-12-31,ios,CH,3.0
173,2018-12-31,ios,AT,3.0
179,2018-12-31,ios,AT,3.0
184,2018-12-31,ios,DE,3.0
187,2018-12-31,ios,DE,3.0
201,2018-12-31,ios,DE,3.0
207,2018-12-31,ios,CH,3.0
209,2018-12-31,ios,DE,3.0
220,2018-12-31,ios,DE,3.0
223,2018-12-31,ios,DE,3.0
224,2018-12-31,ios,DE,3.0
229,2018-12-31,ios,CH,3.0
236,2018-12-31,ios,DE,3.0
238,2018-12-31,ios,CH,3.0
243,2018-12-31,ios,CH,3.0
244,2018-12-31,ios,DE,3.0
251,2018-12-31,ios,DE,3.0
253,2018-12-31,ios,DE,3.0
256,2018-12-31,ios,DE,3.0
260,2018-12-31,ios,DE,3.0
272,2018-12-31,ios,DE,3.0
276,2018-12-31,ios,CH,3.0
277,2018-12-31,ios,CH,3.0
286,2018-12-31,ios,DE,3.0
289,2018-12-31,ios,DE,3.0
291,2018-12-31,ios,DE,3.0
294,2018-12-31,ios,DE,3.0
301,2018-12-31,ios,DE,3.0
308,2018-12-31,ios,DE,3.0
310,2018-12-31,ios,DE,3.0
332,2018-12-31,ios,AT,3.0
338,2018-12-31,ios,DE,3.0
340,2018-12-31,ios,DE,3.0
344,2018-12-31,ios,DE,3.0
345,2018-12-31,ios,DE,3.0
349,2018-12-31,ios,DE,3.0
350,2018-12-31,ios,DE,3.0
378,2018-12-31,ios,CH,3.0
400,2018-12-31,ios,DE,3.0
405,2018-12-31,ios,DE,3.0
410,2018-12-31,ios,DE,3.0
411,2018-12-31,ios,DE,3.0
417,2018-12-31,ios,DE,3.0
428,2018-12-31,ios,DE,3.0
436,2018-12-31,ios,CH,3.0
438,2018-12-31,ios,DE,3.0
440,2018-12-31,ios,DE,3.0
441,2018-12-31,ios,DE,3.0
444,2018-12-31,ios,DE,3.0
450,2018-12-31,ios,AT,3.0
457,2018-12-31,ios,DE,3.0
474,2018-12-31,ios,CH,3.0
480,2018-12-31,ios,CH,3.0
493,2018-12-31,ios,DE,3.0
495,2018-12-31,ios,DE,3.0
506,2018-12-31,ios,DE,3.0
516,2018-12-31,ios,DE,3.0
522,2018-12-31,ios,CH,3.0
526,2018-12-31,ios,DE,3.0
534,2018-12-31,ios,DE,3.0
540,2018-12-31,ios,AT,3.0
544,2018-12-31,ios,DE,3.0
561,2018-12-31,ios,DE,3.0
564,2018-12-31,ios,DE,3.0
572,2018-12-31,ios,CH,3.0
586,2018-12-31,ios,CH,3.0
592,2018-12-31,ios,AT,3.0
596,2018-12-31,ios,AT,3.0
612,2018-12-31,ios,CH,3.0
622,2018-12-31,ios,CH,3.0
631,2018-12-31,ios,DE,3.0
632,2018-12-31,ios,AT,3.0
633,2018-12-31,ios,DE,3.0
638,2018-12-31,ios,CH,3.0
646,2018-12-31,ios,AT,3.0
650,2018-12-31,ios,DE,3.0
656,2018-12-31,ios,DE,3.0
657,2018-12-31,ios,DE,3.0
671,2018-12-31,ios,DE,3.0
673,2018-12-31,ios,AT,3.0
678,2018-12-31,ios,DE,3.0
701,2018-12-31,ios,DE,3.0
714,2018-12-31,ios,DE,3.0
720,2018-12-31,ios,AT,3.0
732,2018-12-31,ios,AT,3.0
745,2018-12-31,ios,CH,3.0
766,2018-12-31,ios,DE,3.0
776,2018-12-31,ios,DE,3.0
796,2018-12-31,ios,DE,3.0
798,2018-12-31,ios,DE,3.0
799,2018-12-31,ios,DE,3.0
810,2018-12-31,ios,DE,3.0
818,2018-12-31,ios,AT,3.0
822,2018-12-31,ios,DE,3.0
826,2018-12-31,ios,AT,3.0
834,2018-12-31,ios,DE,3.0
837,2018-12-31,ios,DE,3.0
839,2018-12-31,ios,DE,3.0
860,2018-12-31,ios,DE,3.0
875,2018-12-31,ios,DE,3.0
878,2018-12-31,ios,DE,3.0
890,2018-12-31,ios,DE,3.0
891,2018-12-31,ios,DE,3.0
892,2018-12-31,ios,CH,3.0
897,2018-12-31,ios,DE,3.0
903,2018-12-31,ios,DE,3.0
904,2018-12-31,ios,DE,3.0
914,2018-12-31,ios,CH,3.0
933,2018-12-31,ios,DE,3.0
935,2018-12-31,ios,CH,3.0
950,2018-12-31,ios,DE,3.0
965,2018-12-31,ios,DE,3.0
967,2018-12-31,ios,DE,3.0
970,2018-12-31,ios,DE,3.0
973,2018-12-31,ios,DE,3.0
978,2018-12-31,ios,DE,3.0
981,2018-12-31,ios,DE,3.0
987,2018-12-31,ios,DE,3.0
990,2018-12-31,ios,CH,3.0
995,2018-12-31,ios,DE,3.0
996,2018-12-31,ios,DE,3.0
997,2018-12-31,ios,DE,3.0
1000,2018-12-31,ios,DE,3.0
1005,2018-12-31,ios,DE,3.0
1006,2018-12-31,ios,DE,3.0
1011,2018-12-31,ios,AT,3.0
1022,2018-12-31,ios,CH,3.0
1024,2018-12-31,ios,AT,3.0
1027,2018-12-31,ios,DE,3.0
1033,2018-12-31,ios,AT,3.0
1044,2018-12-31,ios,CH,3.0
1049,2018-12-31,ios,DE,3.0
1050,2018-12-31,ios,DE,3.0
1058,2018-12-31,ios,AT,3.0
1061,2018-12-31,ios,DE,3.0
1064,2018-12-31,ios,DE,3.0
1068,2018-12-31,ios,DE,3.0
1070,2018-12-31,ios,DE,3.0
1073,2018-12-31,ios,DE,3.0
1086,2018-12-31,ios,DE,3.0
1090,2018-12-31,ios,CH,3.0
1103,2018-12-31,android,US,27.0
1182,2018-12-31,android,US,27.0
1388,2018-12-31,android,US,27.0
1450,2018-12-31,android,US,27.0
1513,2018-12-31,android,US,27.0
1723,2018-12-31,android,US,27.0
2264,2018-12-31,android,US,27.0
2491,2018-12-31,android,US,27.0
2895,2018-12-31,android,US,27.0
2929,2018-12-31,android,US,27.0
2937,2018-12-31,android,US,27.0
2967,2018-12-31,android,US,27.0
2996,2018-12-31,android,US,27.0
24,2018-12-31,ios,US,7.0
29,2018-12-31,ios,US,7.0
51,2018-12-31,ios,AU,7.0
76,2018-12-31,ios,US,7.0
134,2018-12-31,ios,GB,7.0
135,2018-12-31,ios,NL,7.0
138,2018-12-31,ios,US,7.0
166,2018-12-31,ios,US,7.0
168,2018-12-31,ios,CA,7.0
182,2018-12-31,ios,US,7.0
213,2018-12-31,ios,NL,7.0
239,2018-12-31,ios,AU,7.0
259,2018-12-31,ios,AU,7.0
263,2018-12-31,ios,US,7.0
280,2018-12-31,ios,US,7.0
306,2018-12-31,ios,US,7.0
319,2018-12-31,ios,MX,7.0
334,2018-12-31,ios,CA,7.0
337,2018-12-31,ios,US,7.0
425,2018-12-31,ios,US,7.0
435,2018-12-31,ios,IE,7.0
466,2018-12-31,ios,GB,7.0
469,2018-12-31,ios,NL,7.0
491,2018-12-31,ios,CA,7.0
517,2018-12-31,ios,CA,7.0
530,2018-12-31,ios,MX,7.0
531,2018-12-31,ios,MX,7.0
539,2018-12-31,ios,US,7.0
573,2018-12-31,ios,MX,7.0
648,2018-12-31,ios,US,7.0
653,2018-12-31,ios,US,7.0
655,2018-12-31,ios,AU,7.0
659,2018-12-31,ios,MX,7.0
700,2018-12-31,ios,IE,7.0
713,2018-12-31,ios,AU,7.0
717,2018-12-31,ios,GB,7.0
721,2018-12-31,ios,CA,7.0
722,2018-12-31,ios,NL,7.0
729,2018-12-31,ios,IE,7.0
750,2018-12-31,ios,MX,7.0
759,2018-12-31,ios,US,7.0
786,2018-12-31,ios,FR,7.0
806,2018-12-31,ios,GB,7.0
855,2018-12-31,ios,MX,7.0
859,2018-12-31,ios,NL,7.0
871,2018-12-31,ios,AU,7.0
932,2018-12-31,ios,US,7.0
938,2018-12-31,ios,MX,7.0
944,2018-12-31,ios,GB,7.0
956,2018-12-31,ios,CA,7.0
994,2018-12-31,ios,US,7.0
1017,2018-12-31,ios,US,7.0
1030,2018-12-31,ios,DE,7.0
1069,2018-12-31,ios,GB,7.0
1094,2018-12-31,ios,NL,7.0
1096,2018-12-31,ios,US,7.0
360,2018-12-31,ios,DE,18.0
505,2018-12-31,ios,DE,18.0
958,2018-12-31,ios,AL,18.0
78,2018-12-31,ios,US,11.0
735,2018-12-31,ios,US,11.0
749,2018-12-31,ios,US,11.0
940,2018-12-31,ios,DE,24.0
370,2018-12-31,ios,DE,20.0
923,2018-12-31,ios,AU,23.0
724,2018-12-31,ios,CA,22.0
731,2018-12-31,ios,CA,22.0
68,2018-12-31,ios,GB,10.0
906,2018-12-31,ios,GB,10.0
195,2018-12-31,ios,US,15.0
1428,2018-12-31,android,NL,37.0
2642,2018-12-31,android,NL,37.0
2943,2019-01-01,android,NL,37.0
1155,2018-12-31,android,KZ,33.0
1355,2018-12-31,android,RU,33.0
1430,2019-01-01,android,UA,33.0
1458,2018-12-31,android,RU,33.0
1668,2018-12-31,android,US,33.0
1912,2018-12-31,android,UA,33.0
2045,2018-12-31,android,RU,33.0
2083,2019-01-01,android,RU,33.0
2089,2018-12-31,android,KZ,33.0
2123,2018-12-31,android,UA,33.0
2226,2018-12-31,android,KZ,33.0
2496,2018-12-31,android,RU,33.0
2508,2018-12-31,android,KZ,33.0
2615,2018-12-31,android,RU,33.0
2735,2018-12-31,android,UA,33.0
2880,2018-12-31,android,UA,33.0
2887,2018-12-31,android,RU,33.0
1118,2018-12-31,android,IT,31.0
1169,2018-12-31,android,ES,31.0
1173,2018-12-31,android,SK,31.0
1258,2018-12-31,android,DE,31.0
1333,2018-12-31,android,ES,31.0
1337,2018-12-31,android,PT,31.0
1357,2018-12-31,android,FR,31.0
1418,2018-12-31,android,DE,31.0
1435,2018-12-31,android,SI,31.0
1483,2018-12-31,android,DE,31.0
1501,2018-12-31,android,PT,31.0
1514,2018-12-31,android,IT,31.0
1534,2018-12-31,android,SK,31.0
1566,2018-12-31,android,FR,31.0
1596,2018-12-31,android,IT,31.0
1626,2018-12-31,android,ES,31.0
1647,2018-12-31,android,DE,31.0
1682,2018-12-31,android,DE,31.0
1705,2018-12-31,android,SK,31.0
1719,2018-12-31,android,DE,31.0
1853,2019-01-01,android,IT,31.0
1861,2018-12-31,android,BE,31.0
1895,2019-01-01,android,IT,31.0
1941,2018-12-31,android,ES,31.0
1981,2018-12-31,android,IT,31.0
2028,2018-12-31,android,FR,31.0
2128,2018-12-31,android,IT,31.0
2142,2018-12-31,android,DE,31.0
2165,2018-12-31,android,DE,31.0
2179,2018-12-31,android,SK,31.0
2182,2018-12-31,android,DE,31.0
2198,2018-12-31,android,IT,31.0
2224,2018-12-31,android,DE,31.0
2236,2018-12-31,android,RO,31.0
2295,2018-12-31,android,DE,31.0
2328,2018-12-31,android,IT,31.0
2335,2019-01-01,android,IT,31.0
2370,2018-12-31,android,FR,31.0
2390,2019-01-01,android,ES,31.0
2412,2018-12-31,android,FR,31.0
2467,2018-12-31,android,IT,31.0
2474,2018-12-31,android,IT,31.0
2483,2018-12-31,android,ES,31.0
2540,2018-12-31,android,IT,31.0
2550,2018-12-31,android,IT,31.0
2552,2018-12-31,android,DE,31.0
2587,2018-12-31,android,DE,31.0
2660,2018-12-31,android,DE,31.0
2705,2019-01-01,android,DE,31.0
2786,2018-12-31,android,IT,31.0
2802,2018-12-31,android,DE,31.0
2816,2018-12-31,android,IT,31.0
2820,2018-12-31,android,FR,31.0
2835,2018-12-31,android,DE,31.0
2836,2018-12-31,android,DE,31.0
2888,2018-12-31,android,DE,31.0
1098,2018-12-31,android,FR,25.0
1108,2018-12-31,android,GT,25.0
1110,2019-01-01,android,HU,25.0
1117,2018-12-31,android,PT,25.0
1122,2018-12-31,android,IT,25.0
1126,2018-12-31,android,ES,25.0
1127,2018-12-31,android,HU,25.0
1128,2018-12-31,android,GT,25.0
1131,2018-12-31,android,IT,25.0
1135,2018-12-31,android,PL,25.0
1140,2018-12-31,android,IT,25.0
1145,2018-12-31,android,IT,25.0
1174,2018-12-31,android,NL,25.0
1176,2018-12-31,android,IT,25.0
1177,2018-12-31,android,HR,25.0
1185,2019-01-01,android,ES,25.0
1196,2018-12-31,android,HU,25.0
1202,2018-12-31,android,CR,25.0
1216,2018-12-31,android,FR,25.0
1221,2018-12-31,android,ES,25.0
1227,2018-12-31,android,PT,25.0
1230,2018-12-31,android,BY,25.0
1234,2018-12-31,android,MK,25.0
1239,2018-12-31,android,FR,25.0
1241,2018-12-31,android,PA,25.0
1250,2018-12-31,android,CR,25.0
1269,2018-12-31,android,RU,25.0
1273,2018-12-31,android,FR,25.0
1283,2018-12-31,android,BE,25.0
1289,2018-12-31,android,FR,25.0
1293,2018-12-31,android,IT,25.0
1301,2018-12-31,android,PT,25.0
1303,2018-12-31,android,PL,25.0
1316,2018-12-31,android,CA,25.0
1340,2018-12-31,android,NL,25.0
1341,2018-12-31,android,DE,25.0
1345,2018-12-31,android,CR,25.0
1348,2018-12-31,android,FR,25.0
1356,2018-12-31,android,SK,25.0
1378,2018-12-31,android,PL,25.0
1383,2018-12-31,android,HR,25.0
1384,2018-12-31,android,IT,25.0
1393,2018-12-31,android,PT,25.0
1394,2018-12-31,android,IT,25.0
1402,2018-12-31,android,FR,25.0
1408,2018-12-31,android,FR,25.0
1410,2018-12-31,android,BY,25.0
1411,2018-12-31,android,IT,25.0
1423,2018-12-31,android,HU,25.0
1437,2018-12-31,android,HU,25.0
1441,2018-12-31,android,HU,25.0
1442,2018-12-31,android,HU,25.0
1448,2019-01-01,android,FR,25.0
1451,2018-12-31,android,PL,25.0
1462,2019-01-01,android,HU,25.0
1488,2019-01-01,android,FR,25.0
1509,2018-12-31,android,DE,25.0
1511,2018-12-31,android,FR,25.0
1517,2018-12-31,android,PT,25.0
1520,2019-01-01,android,RU,25.0
1521,2018-12-31,android,HU,25.0
1531,2018-12-31,android,IT,25.0
1538,2018-12-31,android,PT,25.0
1542,2018-12-31,android,HU,25.0
1564,2018-12-31,android,PL,25.0
1573,2018-12-31,android,HU,25.0
1580,2018-12-31,android,SI,25.0
1581,2018-12-31,android,BY,25.0
1591,2018-12-31,android,IT,25.0
1604,2018-12-31,android,CR,25.0
1624,2018-12-31,android,FR,25.0
1631,2018-12-31,android,IT,25.0
1632,2018-12-31,android,HU,25.0
1646,2018-12-31,android,PL,25.0
1648,2018-12-31,android,CR,25.0
1654,2018-12-31,android,RO,25.0
1655,2018-12-31,android,IT,25.0
1665,2019-01-01,android,PL,25.0
1666,2018-12-31,android,LU,25.0
1669,2019-01-01,android,ES,25.0
1671,2018-12-31,android,ES,25.0
1678,2018-12-31,android,HU,25.0
1679,2018-12-31,android,PA,25.0
1681,2018-12-31,android,HU,25.0
1709,2018-12-31,android,ES,25.0
1711,2018-12-31,android,HU,25.0
1721,2018-12-31,android,GR,25.0
1725,2018-12-31,android,PT,25.0
1726,2018-12-31,android,FR,25.0
1735,2018-12-31,android,MK,25.0
1748,2018-12-31,android,IT,25.0
1749,2018-12-31,android,PT,25.0
1764,2018-12-31,android,IT,25.0
1794,2018-12-31,android,CR,25.0
1795,2018-12-31,android,FR,25.0
1804,2018-12-31,android,US,25.0
1810,2018-12-31,android,HN,25.0
1826,2018-12-31,android,CR,25.0
1827,2018-12-31,android,IT,25.0
1830,2018-12-31,android,FR,25.0
1832,2018-12-31,android,ES,25.0
1839,2018-12-31,android,IT,25.0
1845,2018-12-31,android,ES,25.0
1846,2018-12-31,android,ES,25.0
1847,2018-12-31,android,HU,25.0
1859,2018-12-31,android,BE,25.0
1862,2018-12-31,android,BE,25.0
1866,2019-01-01,android,FR,25.0
1869,2018-12-31,android,PA,25.0
1872,2018-12-31,android,IT,25.0
1886,2018-12-31,android,HU,25.0
1896,2018-12-31,android,PT,25.0
1899,2018-12-31,android,CR,25.0
1900,2018-12-31,android,HU,25.0
1918,2018-12-31,android,CR,25.0
1922,2019-01-01,android,HU,25.0
1934,2018-12-31,android,ES,25.0
1946,2018-12-31,android,BE,25.0
1949,2018-12-31,android,ES,25.0
1955,2018-12-31,android,HU,25.0
1961,2018-12-31,android,HU,25.0
1964,2018-12-31,android,LV,25.0
1973,2018-12-31,android,PF,25.0
1977,2018-12-31,android,PT,25.0
1992,2018-12-31,android,FR,25.0
1994,2018-12-31,android,IT,25.0
2002,2018-12-31,android,PT,25.0
2003,2018-12-31,android,IT,25.0
2004,2018-12-31,android,CR,25.0
2017,2018-12-31,android,PL,25.0
2022,2018-12-31,android,HU,25.0
2024,2018-12-31,android,IT,25.0
2030,2018-12-31,android,IT,25.0
2033,2018-12-31,android,HR,25.0
2047,2018-12-31,android,HN,25.0
2051,2018-12-31,android,DE,25.0
2052,2018-12-31,android,CR,25.0
2056,2018-12-31,android,RU,25.0
2057,2018-12-31,android,IT,25.0
2058,2018-12-31,android,SK,25.0
2065,2018-12-31,android,PT,25.0
2070,2019-01-01,android,HR,25.0
2072,2018-12-31,android,HN,25.0
2082,2018-12-31,android,PL,25.0
2094,2018-12-31,android,PL,25.0
2098,2018-12-31,android,PT,25.0
2107,2018-12-31,android,LT,25.0
2119,2018-12-31,android,HU,25.0
2121,2018-12-31,android,HU,25.0
2127,2018-12-31,android,IT,25.0
2129,2018-12-31,android,PT,25.0
2133,2018-12-31,android,HU,25.0
2135,2018-12-31,android,FR,25.0
2140,2018-12-31,android,CA,25.0
2143,2018-12-31,android,HU,25.0
2147,2018-12-31,android,FR,25.0
2149,2018-12-31,android,FR,25.0
2150,2019-01-01,android,CR,25.0
2153,2018-12-31,android,PA,25.0
2162,2018-12-31,android,PA,25.0
2185,2018-12-31,android,IT,25.0
2193,2018-12-31,android,HU,25.0
2194,2018-12-31,android,FR,25.0
2199,2018-12-31,android,DE,25.0
2200,2018-12-31,android,PT,25.0
2206,2018-12-31,android,IT,25.0
2209,2018-12-31,android,IT,25.0
2212,2018-12-31,android,IT,25.0
2252,2018-12-31,android,HU,25.0
2283,2018-12-31,android,PA,25.0
2289,2018-12-31,android,HU,25.0
2294,2018-12-31,android,UA,25.0
2298,2018-12-31,android,HR,25.0
2299,2018-12-31,android,PA,25.0
2302,2018-12-31,android,IT,25.0
2306,2018-12-31,android,IT,25.0
2323,2018-12-31,android,IT,25.0
2343,2018-12-31,android,RS,25.0
2346,2018-12-31,android,MD,25.0
2348,2018-12-31,android,HU,25.0
2352,2018-12-31,android,SI,25.0
2358,2018-12-31,android,HN,25.0
2359,2018-12-31,android,IT,25.0
2362,2018-12-31,android,ES,25.0
2364,2018-12-31,android,HU,25.0
2366,2018-12-31,android,ES,25.0
2367,2018-12-31,android,PT,25.0
2369,2018-12-31,android,GR,25.0
2372,2018-12-31,android,CR,25.0
2375,2018-12-31,android,NL,25.0
2381,2018-12-31,android,BY,25.0
2382,2018-12-31,android,MT,25.0
2404,2018-12-31,android,HU,25.0
2408,2018-12-31,android,IT,25.0
2414,2018-12-31,android,HU,25.0
2415,2018-12-31,android,PT,25.0
2418,2019-01-01,android,PT,25.0
2422,2018-12-31,android,PL,25.0
2431,2018-12-31,android,CR,25.0
2434,2018-12-31,android,FO,25.0
2443,2019-01-01,android,PT,25.0
2454,2018-12-31,android,HU,25.0
2455,2019-01-01,android,HU,25.0
2463,2018-12-31,android,IT,25.0
2468,2019-01-01,android,BE,25.0
2475,2018-12-31,android,SK,25.0
2479,2018-12-31,android,PT,25.0
2482,2018-12-31,android,IT,25.0
2490,2018-12-31,android,FR,25.0
2495,2018-12-31,android,PL,25.0
2507,2018-12-31,android,HU,25.0
2512,2018-12-31,android,CR,25.0
2525,2018-12-31,android,HN,25.0
2529,2018-12-31,android,RS,25.0
2535,2018-12-31,android,IT,25.0
2542,2018-12-31,android,FR,25.0
2554,2018-12-31,android,DE,25.0
2558,2018-12-31,android,HU,25.0
2571,2018-12-31,android,ES,25.0
2575,2018-12-31,android,GT,25.0
2578,2018-12-31,android,CR,25.0
2591,2018-12-31,android,ES,25.0
2607,2018-12-31,android,PL,25.0
2608,2018-12-31,android,NL,25.0
2612,2018-12-31,android,CR,25.0
2616,2018-12-31,android,IT,25.0
2617,2018-12-31,android,IT,25.0
2619,2018-12-31,android,PT,25.0
2626,2018-12-31,android,IT,25.0
2631,2018-12-31,android,IT,25.0
2640,2018-12-31,android,PA,25.0
2645,2018-12-31,android,FR,25.0
2647,2018-12-31,android,PT,25.0
2650,2018-12-31,android,FR,25.0
2662,2018-12-31,android,IT,25.0
2675,2018-12-31,android,ES,25.0
2684,2018-12-31,android,HU,25.0
2717,2018-12-31,android,IT,25.0
2727,2019-01-01,android,RU,25.0
2731,2018-12-31,android,HU,25.0
2734,2018-12-31,android,CR,25.0
2750,2018-12-31,android,SK,25.0
2751,2018-12-31,android,HR,25.0
2760,2018-12-31,android,FR,25.0
2764,2018-12-31,android,BE,25.0
2766,2018-12-31,android,FR,25.0
2771,2018-12-31,android,HU,25.0
2776,2018-12-31,android,CR,25.0
2782,2018-12-31,android,IT,25.0
2784,2018-12-31,android,GL,25.0
2785,2018-12-31,android,PT,25.0
2787,2018-12-31,android,CH,25.0
2789,2018-12-31,android,DE,25.0
2791,2018-12-31,android,LV,25.0
2799,2018-12-31,android,FR,25.0
2800,2018-12-31,android,HU,25.0
2838,2018-12-31,android,ES,25.0
2844,2018-12-31,android,ES,25.0
2850,2018-12-31,android,IT,25.0
2851,2018-12-31,android,PT,25.0
2853,2018-12-31,android,RU,25.0
2859,2018-12-31,android,ES,25.0
2863,2018-12-31,android,PA,25.0
2867,2018-12-31,android,PL,25.0
2868,2019-01-01,android,HU,25.0
2885,2018-12-31,android,HU,25.0
2900,2018-12-31,android,PT,25.0
2917,2018-12-31,android,IT,25.0
2921,2018-12-31,android,GR,25.0
2923,2018-12-31,android,PT,25.0
2930,2018-12-31,android,RU,25.0
2932,2019-01-01,android,PT,25.0
2934,2018-12-31,android,IT,25.0
2949,2018-12-31,android,CR,25.0
2950,2018-12-31,android,HU,25.0
2952,2019-01-01,android,PL,25.0
2954,2018-12-31,android,IT,25.0
2968,2018-12-31,android,IT,25.0
2969,2018-12-31,android,PL,25.0
2970,2018-12-31,android,CR,25.0
2973,2018-12-31,android,FR,25.0
2975,2018-12-31,android,IT,25.0
2976,2018-12-31,android,LT,25.0
2991,2019-01-01,android,IT,25.0
1611,2018-12-31,android,US,39.0
1742,2018-12-31,android,US,39.0
1985,2018-12-31,android,US,39.0
2360,2018-12-31,android,US,39.0
2576,2018-12-31,android,US,39.0
2679,2018-12-31,android,US,39.0
178,2018-12-31,ios,US,14.0
3,2018-12-31,ios,FR,2.0
11,2018-12-31,ios,MX,2.0
12,2018-12-31,ios,CA,2.0
25,2018-12-31,ios,MX,2.0
26,2018-12-31,ios,BR,2.0
28,2018-12-31,ios,IT,2.0
37,2018-12-31,ios,DZ,2.0
41,2018-12-31,ios,IT,2.0
63,2018-12-31,ios,BH,2.0
65,2018-12-31,ios,FR,2.0
84,2018-12-31,ios,ES,2.0
97,2018-12-31,ios,HN,2.0
100,2018-12-31,ios,JP,2.0
118,2018-12-31,ios,IT,2.0
121,2018-12-31,ios,PR,2.0
137,2018-12-31,ios,CL,2.0
142,2018-12-31,ios,ID,2.0
144,2018-12-31,ios,IT,2.0
152,2018-12-31,ios,CR,2.0
153,2018-12-31,ios,CA,2.0
156,2018-12-31,ios,FR,2.0
161,2018-12-31,ios,BL,2.0
175,2018-12-31,ios,GB,2.0
176,2018-12-31,ios,IT,2.0
188,2018-12-31,ios,FR,2.0
199,2018-12-31,ios,VE,2.0
202,2018-12-31,ios,FR,2.0
216,2018-12-31,ios,BR,2.0
227,2018-12-31,ios,VE,2.0
232,2018-12-31,ios,IT,2.0
233,2018-12-31,ios,PR,2.0
240,2018-12-31,ios,MX,2.0
245,2018-12-31,ios,MD,2.0
249,2018-12-31,ios,FR,2.0
265,2018-12-31,ios,FR,2.0
267,2018-12-31,ios,FR,2.0
283,2018-12-31,ios,FR,2.0
284,2018-12-31,ios,VE,2.0
288,2018-12-31,ios,IT,2.0
299,2018-12-31,ios,QA,2.0
300,2018-12-31,ios,IT,2.0
302,2018-12-31,ios,IT,2.0
314,2018-12-31,ios,CL,2.0
324,2018-12-31,ios,IT,2.0
325,2018-12-31,ios,IS,2.0
326,2018-12-31,ios,GT,2.0
328,2018-12-31,ios,SG,2.0
330,2018-12-31,ios,CL,2.0
335,2018-12-31,ios,FR,2.0
339,2018-12-31,ios,JP,2.0
342,2018-12-31,ios,JP,2.0
353,2018-12-31,ios,HU,2.0
356,2018-12-31,ios,QA,2.0
357,2018-12-31,ios,LA,2.0
359,2018-12-31,ios,HR,2.0
363,2018-12-31,ios,ES,2.0
373,2018-12-31,ios,CA,2.0
392,2018-12-31,ios,DZ,2.0
397,2018-12-31,ios,TW,2.0
398,2018-12-31,ios,CA,2.0
404,2018-12-31,ios,BH,2.0
406,2018-12-31,ios,FR,2.0
414,2018-12-31,ios,LA,2.0
418,2018-12-31,ios,MX,2.0
421,2018-12-31,ios,KZ,2.0
430,2018-12-31,ios,ID,2.0
431,2018-12-31,ios,FR,2.0
433,2018-12-31,ios,SG,2.0
437,2018-12-31,ios,RS,2.0
442,2018-12-31,ios,FR,2.0
443,2018-12-31,ios,CA,2.0
445,2018-12-31,ios,IT,2.0
454,2018-12-31,ios,FR,2.0
458,2018-12-31,ios,NL,2.0
464,2018-12-31,ios,IT,2.0
472,2018-12-31,ios,FR,2.0
476,2018-12-31,ios,DE,2.0
478,2018-12-31,ios,US,2.0
479,2018-12-31,ios,LA,2.0
481,2018-12-31,ios,GB,2.0
485,2018-12-31,ios,IT,2.0
489,2018-12-31,ios,ES,2.0
490,2018-12-31,ios,CL,2.0
497,2018-12-31,ios,GB,2.0
499,2018-12-31,ios,LA,2.0
504,2018-12-31,ios,PS,2.0
513,2018-12-31,ios,CO,2.0
546,2018-12-31,ios,GB,2.0
551,2018-12-31,ios,BR,2.0
571,2018-12-31,ios,DE,2.0
575,2018-12-31,ios,MX,2.0
578,2018-12-31,ios,BE,2.0
579,2018-12-31,ios,PK,2.0
583,2018-12-31,ios,FR,2.0
588,2018-12-31,ios,MK,2.0
599,2018-12-31,ios,IT,2.0
603,2018-12-31,ios,IT,2.0
606,2018-12-31,ios,IT,2.0
607,2018-12-31,ios,MX,2.0
608,2018-12-31,ios,CA,2.0
610,2018-12-31,ios,BR,2.0
618,2018-12-31,ios,FR,2.0
626,2018-12-31,ios,DE,2.0
627,2018-12-31,ios,ID,2.0
628,2018-12-31,ios,BR,2.0
641,2018-12-31,ios,FR,2.0
649,2018-12-31,ios,NL,2.0
654,2018-12-31,ios,FR,2.0
661,2018-12-31,ios,IT,2.0
662,2018-12-31,ios,BH,2.0
663,2018-12-31,ios,BD,2.0
667,2018-12-31,ios,PR,2.0
668,2018-12-31,ios,CA,2.0
681,2018-12-31,ios,ZA,2.0
687,2018-12-31,ios,IT,2.0
694,2018-12-31,ios,DK,2.0
696,2018-12-31,ios,FR,2.0
698,2018-12-31,ios,DZ,2.0
702,2018-12-31,ios,GT,2.0
704,2018-12-31,ios,BR,2.0
715,2018-12-31,ios,IT,2.0
719,2018-12-31,ios,IT,2.0
723,2018-12-31,ios,IT,2.0
725,2018-12-31,ios,IT,2.0
726,2018-12-31,ios,CL,2.0
734,2018-12-31,ios,FR,2.0
741,2018-12-31,ios,KR,2.0
747,2018-12-31,ios,PS,2.0
758,2018-12-31,ios,BR,2.0
764,2018-12-31,ios,CH,2.0
770,2018-12-31,ios,IT,2.0
772,2018-12-31,ios,CL,2.0
774,2018-12-31,ios,IT,2.0
779,2018-12-31,ios,UA,2.0
785,2018-12-31,ios,IT,2.0
797,2018-12-31,ios,IT,2.0
800,2018-12-31,ios,EC,2.0
803,2018-12-31,ios,IT,2.0
809,2018-12-31,ios,DE,2.0
812,2018-12-31,ios,UY,2.0
813,2018-12-31,ios,IT,2.0
817,2018-12-31,ios,IT,2.0
820,2018-12-31,ios,FR,2.0
832,2018-12-31,ios,BR,2.0
835,2018-12-31,ios,BE,2.0
838,2018-12-31,ios,PT,2.0
841,2018-12-31,ios,AO,2.0
843,2018-12-31,ios,PT,2.0
844,2018-12-31,ios,IT,2.0
853,2018-12-31,ios,BR,2.0
854,2018-12-31,ios,PE,2.0
861,2018-12-31,ios,AO,2.0
863,2018-12-31,ios,FR,2.0
866,2018-12-31,ios,BR,2.0
880,2018-12-31,ios,IT,2.0
881,2018-12-31,ios,BR,2.0
883,2018-12-31,ios,IT,2.0
888,2018-12-31,ios,BR,2.0
889,2018-12-31,ios,DK,2.0
895,2018-12-31,ios,DO,2.0
896,2018-12-31,ios,DE,2.0
909,2018-12-31,ios,BR,2.0
920,2018-12-31,ios,CH,2.0
953,2018-12-31,ios,RO,2.0
972,2018-12-31,ios,LA,2.0
998,2018-12-31,ios,FR,2.0
1001,2018-12-31,ios,IT,2.0
1003,2018-12-31,ios,MX,2.0
1014,2018-12-31,ios,RO,2.0
1016,2018-12-31,ios,IT,2.0
1018,2018-12-31,ios,IT,2.0
1020,2018-12-31,ios,SA,2.0
1021,2018-12-31,ios,SA,2.0
1029,2018-12-31,ios,FR,2.0
1039,2018-12-31,ios,DO,2.0
1040,2018-12-31,ios,BR,2.0
1051,2018-12-31,ios,IT,2.0
1062,2018-12-31,ios,DE,2.0
1081,2018-12-31,ios,BR,2.0
1089,2018-12-31,ios,FR,2.0
36,2018-12-31,ios,DE,8.0
59,2018-12-31,ios,IT,8.0
190,2018-12-31,ios,IT,8.0
221,2018-12-31,ios,DE,8.0
354,2018-12-31,ios,PT,8.0
380,2018-12-31,ios,IT,8.0
399,2018-12-31,ios,AT,8.0
409,2018-12-31,ios,FR,8.0
452,2018-12-31,ios,DE,8.0
461,2018-12-31,ios,BE,8.0
574,2018-12-31,ios,DE,8.0
639,2018-12-31,ios,LU,8.0
685,2018-12-31,ios,FR,8.0
792,2018-12-31,ios,IT,8.0
930,2018-12-31,ios,NL,8.0
963,2018-12-31,ios,DE,8.0
991,2018-12-31,ios,DE,8.0
1032,2018-12-31,ios,DE,8.0
1078,2018-12-31,ios,IT,8.0
19,2018-12-31,ios,DE,6.0
483,2018-12-31,ios,DE,6.0
580,2018-12-31,ios,DE,6.0
643,2018-12-31,ios,DE,6.0
669,2018-12-31,ios,ES,6.0
753,2018-12-31,ios,DE,6.0
865,2018-12-31,ios,DE,6.0
602,2018-12-31,ios,BR,21.0
365,2018-12-31,ios,US,19.0
977,2018-12-31,ios,US,19.0
6,2018-12-31,ios,US,4.0
246,2018-12-31,ios,US,4.0
429,2018-12-31,ios,US,4.0
560,2018-12-31,ios,US,4.0
761,2018-12-31,ios,US,4.0
830,2018-12-31,ios,US,4.0
1010,2018-12-31,ios,US,4.0
90,2018-12-31,ios,DK,13.0
107,2018-12-31,ios,JP,13.0
234,2018-12-31,ios,DK,13.0
250,2018-12-31,ios,BR,13.0
371,2018-12-31,ios,JP,13.0
382,2018-12-31,ios,TW,13.0
462,2018-12-31,ios,TW,13.0
475,2018-12-31,ios,SE,13.0
528,2018-12-31,ios,TW,13.0
754,2018-12-31,ios,SE,13.0
771,2018-12-31,ios,TW,13.0
849,2018-12-31,ios,TW,13.0
913,2018-12-31,ios,JP,13.0
957,2018-12-31,ios,AU,13.0
980,2018-12-31,ios,TW,13.0
1404,2018-12-31,android,RO,36.0
1729,2018-12-31,android,GB,36.0
1926,2018-12-31,android,GB,36.0
1965,2018-12-31,android,GB,36.0
2015,2018-12-31,android,ZA,36.0
2269,2018-12-31,android,HU,36.0
2421,2018-12-31,android,GB,36.0
2448,2018-12-31,android,AT,36.0
2926,2018-12-31,android,NZ,36.0
7,2018-12-31,ios,TW,5.0
9,2018-12-31,ios,IT,5.0
39,2018-12-31,ios,TW,5.0
231,2018-12-31,ios,IT,5.0
346,2018-12-31,ios,SE,5.0
419,2018-12-31,ios,JP,5.0
459,2018-12-31,ios,IT,5.0
500,2018-12-31,ios,BR,5.0
511,2018-12-31,ios,DK,5.0
515,2018-12-31,ios,AU,5.0
520,2018-12-31,ios,TW,5.0
527,2018-12-31,ios,SE,5.0
556,2018-12-31,ios,SE,5.0
664,2018-12-31,ios,DK,5.0
675,2018-12-31,ios,IT,5.0
778,2018-12-31,ios,SE,5.0
852,2018-12-31,ios,DK,5.0
1059,2018-12-31,ios,IT,5.0
1077,2018-12-31,ios,TW,5.0
341,2018-12-31,ios,US,17.0
88,2018-12-31,ios,IT,12.0
955,2018-12-31,ios,IT,12.0
2156,2018-12-31,android,GB,43.0
2262,2018-12-31,android,US,43.0
2309,2018-12-31,android,CZ,43.0
2476,2019-01-01,android,BH,43.0
1366,2018-12-31,android,PT,35.0
1456,2018-12-31,android,AT,35.0
1548,2018-12-31,android,DE,35.0
1781,2018-12-31,android,DE,35.0
1944,2018-12-31,android,DE,35.0
2069,2018-12-31,android,DE,35.0
2339,2018-12-31,android,AT,35.0
2440,2018-12-31,android,DE,35.0
2636,2018-12-31,android,IT,35.0
2770,2018-12-31,android,CH,35.0
1541,2019-01-01,android,DE,38.0
1558,2018-12-31,android,DE,38.0
1670,2018-12-31,android,DE,38.0
1722,2018-12-31,android,DE,38.0
2006,2018-12-31,android,DE,38.0
2138,2018-12-31,android,DE,38.0
2154,2018-12-31,android,DK,38.0
2197,2018-12-31,android,DE,38.0
2807,2018-12-31,android,DE,38.0
2918,2018-12-31,android,DE,38.0
1109,2018-12-31,android,RU,28.0
1113,2018-12-31,android,UA,28.0
1188,2018-12-31,android,RU,28.0
1209,2018-12-31,android,LV,28.0
1300,2018-12-31,android,RU,28.0
1349,2018-12-31,android,UA,28.0
1396,2018-12-31,android,UA,28.0
1473,2018-12-31,android,KZ,28.0
1527,2018-12-31,android,UA,28.0
1549,2018-12-31,android,UA,28.0
1583,2018-12-31,android,UA,28.0
1615,2019-01-01,android,UA,28.0
1633,2018-12-31,android,UA,28.0
1650,2018-12-31,android,EE,28.0
1763,2018-12-31,android,UA,28.0
1925,2018-12-31,android,EE,28.0
1968,2018-12-31,android,RU,28.0
1976,2019-01-01,android,RU,28.0
1983,2018-12-31,android,RU,28.0
2029,2018-12-31,android,RU,28.0
2088,2018-12-31,android,UA,28.0
2170,2018-12-31,android,RU,28.0
2248,2018-12-31,android,UA,28.0
2271,2018-12-31,android,UA,28.0
2312,2018-12-31,android,UA,28.0
2393,2018-12-31,android,AZ,28.0
2416,2018-12-31,android,UA,28.0
2557,2018-12-31,android,UA,28.0
2570,2018-12-31,android,RU,28.0
2596,2018-12-31,android,UA,28.0
2614,2018-12-31,android,UA,28.0
2711,2018-12-31,android,RU,28.0
2716,2018-12-31,android,UA,28.0
2725,2018-12-31,android,UA,28.0
2901,2018-12-31,android,RU,28.0
2904,2018-12-31,android,RU,28.0
2911,2018-12-31,android,RU,28.0
2915,2018-12-31,android,IL,28.0
2946,2018-12-31,android,RU,28.0
2958,2018-12-31,android,RU,28.0
2974,2018-12-31,android,RU,28.0
2999,2018-12-31,android,RU,28.0
1116,2019-01-01,android,BE,30.0
1369,2018-12-31,android,BE,30.0
1552,2018-12-31,android,BE,30.0
1589,2018-12-31,android,NL,30.0
1733,2018-12-31,android,SR,30.0
1789,2018-12-31,android,NL,30.0
1841,2018-12-31,android,NL,30.0
2238,2018-12-31,android,NL,30.0
2290,2019-01-01,android,NL,30.0
2325,2018-12-31,android,NL,30.0
2344,2018-12-31,android,NL,30.0
2394,2018-12-31,android,NL,30.0
2439,2018-12-31,android,NL,30.0
2466,2018-12-31,android,SR,30.0
2624,2018-12-31,android,NL,30.0
2845,2018-12-31,android,BE,30.0
2894,2018-12-31,android,CW,30.0
2151,2018-12-31,android,US,42.0
2814,2018-12-31,android,US,42.0
1627,2018-12-31,android,PH,41.0
2171,2018-12-31,android,OM,41.0
2697,2018-12-31,android,DE,41.0
1272,2019-01-01,android,DE,34.0
1457,2018-12-31,android,DE,34.0
1498,2018-12-31,android,DE,34.0
1561,2018-12-31,android,DE,34.0
1836,2018-12-31,android,DE,34.0
1874,2018-12-31,android,DE,34.0
1889,2018-12-31,android,DE,34.0
1990,2018-12-31,android,DE,34.0
2023,2018-12-31,android,DE,34.0
2063,2018-12-31,android,DE,34.0
2219,2018-12-31,android,DE,34.0
2228,2018-12-31,android,DE,34.0
2266,2018-12-31,android,DE,34.0
2464,2018-12-31,android,DE,34.0
2530,2018-12-31,android,DE,34.0
2538,2019-01-01,android,DE,34.0
2627,2018-12-31,android,DE,34.0
2691,2018-12-31,android,DE,34.0
2708,2018-12-31,android,DE,34.0
2736,2018-12-31,android,DE,34.0
2869,2018-12-31,android,DE,34.0
258,2018-12-31,ios,US,16.0
2077,2018-12-31,android,US,16.0
1142,2018-12-31,android,JP,32.0
1297,2018-12-31,android,BR,32.0
1347,2018-12-31,android,IT,32.0
1556,2018-12-31,android,BR,32.0
1609,2018-12-31,android,BR,32.0
1676,2018-12-31,android,BR,32.0
1710,2019-01-01,android,TW,32.0
1848,2018-12-31,android,BR,32.0
1893,2018-12-31,android,SE,32.0
2159,2018-12-31,android,BR,32.0
2407,2018-12-31,android,IT,32.0
2621,2018-12-31,android,TW,32.0
2722,2018-12-31,android,BR,32.0
2927,2018-12-31,android,AU,32.0
40,2018-12-31,ios,US,9.0
1,2018-12-31,ios,NO,
2,2018-12-31,ios,DE,
5,2018-12-31,ios,US,
8,2018-12-31,ios,HU,
10,2018-12-31,ios,US,
14,2018-12-31,ios,IR,
15,2018-12-31,ios,,
16,2018-12-31,ios,US,
17,2018-12-31,ios,US,
18,2018-12-31,ios,DE,
20,2018-12-31,ios,US,
21,2018-12-31,ios,AU,
22,2018-12-31,ios,US,
27,2018-12-31,ios,US,
30,2018-12-31,ios,RU,
32,2018-12-31,ios,GB,
33,2018-12-31,ios,RU,
35,2018-12-31,ios,DE,
38,2018-12-31,ios,US,
42,2018-12-31,ios,KW,
44,2018-12-31,ios,US,
45,2018-12-31,ios,IR,
46,2018-12-31,ios,RU,
47,2018-12-31,ios,US,
52,2018-12-31,ios,US,
53,2018-12-31,ios,SE,
54,2018-12-31,ios,US,
55,2018-12-31,ios,US,
57,2018-12-31,ios,FR,
58,2018-12-31,ios,DE,
60,2018-12-31,ios,DK,
61,2018-12-31,ios,GB,
62,2018-12-31,ios,US,
64,2018-12-31,ios,RU,
66,2018-12-31,ios,US,
69,2018-12-31,ios,US,
70,2018-12-31,ios,RU,
71,2018-12-31,ios,DE,
72,2018-12-31,ios,FR,
73,2018-12-31,ios,RU,
74,2018-12-31,ios,KR,
75,2018-12-31,ios,RU,
79,2018-12-31,ios,US,
81,2018-12-31,ios,DE,
82,2018-12-31,ios,TH,
85,2018-12-31,ios,US,
86,2018-12-31,ios,US,
87,2018-12-31,ios,US,
89,2018-12-31,ios,CH,
91,2018-12-31,ios,ID,
93,2018-12-31,ios,DE,
94,2018-12-31,ios,US,
95,2018-12-31,ios,US,
96,2018-12-31,ios,GB,
98,2018-12-31,ios,US,
99,2018-12-31,ios,GR,
101,2018-12-31,ios,US,
102,2018-12-31,ios,DK,
103,2018-12-31,ios,IN,
104,2018-12-31,ios,AU,
109,2018-12-31,ios,RU,
110,2018-12-31,ios,US,
111,2018-12-31,ios,NL,
113,2018-12-31,ios,US,
114,2018-12-31,ios,DE,
115,2018-12-31,ios,EG,
116,2018-12-31,ios,US,
117,2018-12-31,ios,US,
119,2018-12-31,ios,US,
120,2018-12-31,ios,US,
122,2018-12-31,ios,SA,
123,2018-12-31,ios,US,
124,2018-12-31,ios,SK,
125,2018-12-31,ios,US,
126,2018-12-31,ios,RU,
127,2018-12-31,ios,US,
128,2018-12-31,ios,LU,
131,2018-12-31,ios,US,
132,2018-12-31,ios,US,
133,2018-12-31,ios,US,
136,2018-12-31,ios,DE,
139,2018-12-31,ios,US,
141,2018-12-31,ios,RU,
143,2018-12-31,ios,CH,
146,2018-12-31,ios,DE,
147,2018-12-31,ios,US,
148,2018-12-31,ios,CZ,
149,2018-12-31,ios,US,
150,2018-12-31,ios,US,
151,2018-12-31,ios,US,
154,2018-12-31,ios,US,
155,2018-12-31,ios,US,
157,2018-12-31,ios,FR,
158,2018-12-31,ios,US,
159,2018-12-31,ios,US,
160,2018-12-31,ios,US,
164,2018-12-31,ios,RU,
167,2018-12-31,ios,RU,
169,2018-12-31,ios,GB,
170,2018-12-31,ios,RU,
171,2018-12-31,ios,US,
172,2018-12-31,ios,US,
174,2018-12-31,ios,RU,
177,2018-12-31,ios,RU,
180,2018-12-31,ios,CA,
181,2018-12-31,ios,LY,
183,2018-12-31,ios,HU,
185,2018-12-31,ios,RU,
186,2018-12-31,ios,US,
189,2018-12-31,ios,JP,
191,2018-12-31,ios,DE,
192,2018-12-31,ios,IT,
193,2018-12-31,ios,LA,
194,2018-12-31,ios,US,
196,2018-12-31,ios,US,
197,2018-12-31,ios,JE,
198,2018-12-31,ios,JP,
200,2018-12-31,ios,US,
203,2018-12-31,ios,NL,
204,2018-12-31,ios,RU,
205,2018-12-31,ios,US,
206,2018-12-31,ios,US,
208,2018-12-31,ios,GB,
210,2018-12-31,ios,US,
211,2018-12-31,ios,NL,
212,2018-12-31,ios,DE,
214,2018-12-31,ios,US,
215,2018-12-31,ios,US,
217,2018-12-31,ios,BE,
218,2018-12-31,ios,US,
219,2018-12-31,ios,US,
222,2018-12-31,ios,US,
225,2018-12-31,ios,US,
226,2018-12-31,ios,FR,
228,2018-12-31,ios,US,
230,2018-12-31,ios,US,
235,2018-12-31,ios,AU,
237,2018-12-31,ios,US,
241,2018-12-31,ios,RU,
242,2018-12-31,ios,US,
247,2018-12-31,ios,RU,
248,2018-12-31,ios,US,
252,2018-12-31,ios,US,
254,2018-12-31,ios,US,
255,2018-12-31,ios,SA,
257,2018-12-31,ios,US,
261,2018-12-31,ios,RU,
262,2018-12-31,ios,US,
264,2018-12-31,ios,US,
266,2018-12-31,ios,BE,
268,2018-12-31,ios,DE,
269,2018-12-31,ios,US,
270,2018-12-31,ios,SE,
271,2018-12-31,ios,US,
273,2018-12-31,ios,US,
274,2018-12-31,ios,SE,
275,2018-12-31,ios,DE,
278,2018-12-31,ios,US,
279,2018-12-31,ios,US,
281,2018-12-31,ios,RU,
282,2018-12-31,ios,US,
285,2018-12-31,ios,SK,
287,2018-12-31,ios,US,
290,2018-12-31,ios,FR,
292,2018-12-31,ios,US,
293,2018-12-31,ios,US,
295,2018-12-31,ios,JP,
296,2018-12-31,ios,IT,
297,2018-12-31,ios,SE,
298,2018-12-31,ios,CA,
303,2018-12-31,ios,US,
304,2018-12-31,ios,DE,
305,2018-12-31,ios,US,
307,2018-12-31,ios,DE,
309,2018-12-31,ios,SE,
311,2018-12-31,ios,RU,
312,2018-12-31,ios,AU,
313,2018-12-31,ios,FR,
315,2018-12-31,ios,GB,
316,2018-12-31,ios,FR,
317,2018-12-31,ios,US,
318,2018-12-31,ios,US,
320,2018-12-31,ios,US,
321,2018-12-31,ios,US,
322,2018-12-31,ios,US,
323,2018-12-31,ios,RU,
327,2018-12-31,ios,US,
329,2018-12-31,ios,US,
331,2018-12-31,ios,US,
333,2018-12-31,ios,DK,
336,2018-12-31,ios,AU,
343,2018-12-31,ios,US,
347,2018-12-31,ios,MY,
348,2018-12-31,ios,US,
351,2018-12-31,ios,DE,
352,2018-12-31,ios,US,
355,2018-12-31,ios,GB,
358,2018-12-31,ios,US,
361,2018-12-31,ios,RU,
362,2018-12-31,ios,RU,
364,2018-12-31,ios,US,
366,2018-12-31,ios,RU,
367,2018-12-31,ios,DE,
368,2018-12-31,ios,SA,
369,2018-12-31,ios,TH,
372,2018-12-31,ios,US,
374,2018-12-31,ios,AU,
375,2018-12-31,ios,DE,
376,2018-12-31,ios,RU,
377,2018-12-31,ios,GB,
379,2018-12-31,ios,US,
381,2018-12-31,ios,US,
383,2018-12-31,ios,RU,
384,2018-12-31,ios,US,
385,2018-12-31,ios,US,
386,2018-12-31,ios,AT,
387,2018-12-31,ios,US,
388,2018-12-31,ios,FR,
389,2018-12-31,ios,RU,
390,2018-12-31,ios,FR,
391,2018-12-31,ios,NL,
393,2018-12-31,ios,US,
394,2018-12-31,ios,TH,
395,2018-12-31,ios,US,
396,2018-12-31,ios,HU,
401,2018-12-31,ios,AU,
402,2018-12-31,ios,US,
403,2018-12-31,ios,VN,
407,2018-12-31,ios,US,
408,2018-12-31,ios,AU,
412,2018-12-31,ios,TW,
413,2018-12-31,ios,TH,
415,2018-12-31,ios,US,
416,2018-12-31,ios,CA,
420,2018-12-31,ios,GB,
422,2018-12-31,ios,CA,
423,2018-12-31,ios,IT,
424,2018-12-31,ios,GR,
426,2018-12-31,ios,US,
427,2018-12-31,ios,RU,
432,2018-12-31,ios,US,
434,2018-12-31,ios,US,
439,2018-12-31,ios,DE,
446,2018-12-31,ios,US,
447,2018-12-31,ios,US,
448,2018-12-31,ios,US,
449,2018-12-31,ios,US,
451,2018-12-31,ios,RU,
453,2018-12-31,ios,US,
455,2018-12-31,ios,US,
456,2018-12-31,ios,FR,
460,2018-12-31,ios,DE,
463,2018-12-31,ios,US,
465,2018-12-31,ios,FR,
467,2018-12-31,ios,US,
468,2018-12-31,ios,RU,
470,2018-12-31,ios,FR,
471,2018-12-31,ios,MX,
473,2018-12-31,ios,DE,
477,2018-12-31,ios,AU,
482,2018-12-31,ios,CH,
484,2018-12-31,ios,US,
486,2018-12-31,ios,ES,
487,2018-12-31,ios,US,
488,2018-12-31,ios,DE,
492,2018-12-31,ios,SK,
494,2018-12-31,ios,VN,
496,2018-12-31,ios,US,
498,2018-12-31,ios,GB,
501,2018-12-31,ios,US,
502,2018-12-31,ios,SA,
503,2018-12-31,ios,US,
507,2018-12-31,ios,NL,
508,2018-12-31,ios,US,
509,2018-12-31,ios,MX,
510,2018-12-31,ios,RU,
512,2018-12-31,ios,US,
514,2018-12-31,ios,US,
518,2018-12-31,ios,RU,
519,2018-12-31,ios,US,
521,2018-12-31,ios,US,
523,2018-12-31,ios,JP,
524,2018-12-31,ios,RU,
525,2018-12-31,ios,SG,
529,2018-12-31,ios,RU,
532,2018-12-31,ios,US,
533,2018-12-31,ios,US,
535,2018-12-31,ios,US,
536,2018-12-31,ios,GB,
537,2018-12-31,ios,FR,
538,2018-12-31,ios,US,
541,2018-12-31,ios,US,
542,2018-12-31,ios,RU,
543,2018-12-31,ios,US,
545,2018-12-31,ios,NL,
547,2018-12-31,ios,US,
548,2018-12-31,ios,US,
549,2018-12-31,ios,US,
550,2018-12-31,ios,US,
552,2018-12-31,ios,US,
553,2018-12-31,ios,RU,
554,2018-12-31,ios,BE,
555,2018-12-31,ios,DE,
557,2018-12-31,ios,NL,
558,2018-12-31,ios,US,
559,2018-12-31,ios,US,
562,2018-12-31,ios,DE,
563,2018-12-31,ios,US,
565,2018-12-31,ios,DK,
566,2018-12-31,ios,US,
567,2018-12-31,ios,RU,
568,2018-12-31,ios,FR,
569,2018-12-31,ios,RU,
570,2018-12-31,ios,RU,
576,2018-12-31,ios,US,
577,2018-12-31,ios,US,
581,2018-12-31,ios,IT,
582,2018-12-31,ios,US,
584,2018-12-31,ios,BR,
585,2018-12-31,ios,RU,
587,2018-12-31,ios,DE,
589,2018-12-31,ios,GB,
590,2018-12-31,ios,DK,
591,2018-12-31,ios,DK,
593,2018-12-31,ios,US,
594,2018-12-31,ios,BE,
595,2018-12-31,ios,US,
597,2018-12-31,ios,US,
598,2018-12-31,ios,BE,
600,2018-12-31,ios,JP,
601,2018-12-31,ios,US,
604,2018-12-31,ios,FR,
605,2018-12-31,ios,US,
609,2018-12-31,ios,DE,
611,2018-12-31,ios,US,
613,2018-12-31,ios,US,
614,2018-12-31,ios,US,
615,2018-12-31,ios,US,
616,2018-12-31,ios,TR,
617,2018-12-31,ios,RU,
619,2018-12-31,ios,US,
620,2018-12-31,ios,CH,
621,2018-12-31,ios,US,
623,2018-12-31,ios,US,
624,2018-12-31,ios,AU,
625,2018-12-31,ios,US,
629,2018-12-31,ios,AT,
630,2018-12-31,ios,US,
634,2018-12-31,ios,GB,
635,2018-12-31,ios,RU,
636,2018-12-31,ios,US,
637,2018-12-31,ios,US,
640,2018-12-31,ios,DE,
642,2018-12-31,ios,US,
644,2018-12-31,ios,US,
645,2018-12-31,ios,FR,
647,2018-12-31,ios,US,
651,2018-12-31,ios,US,
652,2018-12-31,ios,US,
658,2018-12-31,ios,RU,
660,2018-12-31,ios,US,
665,2018-12-31,ios,CA,
666,2018-12-31,ios,JP,
670,2018-12-31,ios,FR,
672,2018-12-31,ios,JP,
674,2018-12-31,ios,US,
676,2018-12-31,ios,SA,
677,2018-12-31,ios,HU,
679,2018-12-31,ios,RU,
680,2018-12-31,ios,US,
682,2018-12-31,ios,US,
683,2018-12-31,ios,RU,
684,2018-12-31,ios,DE,
686,2018-12-31,ios,US,
688,2018-12-31,ios,US,
689,2018-12-31,ios,US,
690,2018-12-31,ios,US,
691,2018-12-31,ios,US,
692,2018-12-31,ios,RU,
693,2018-12-31,ios,US,
695,2018-12-31,ios,US,
697,2018-12-31,ios,BE,
699,2018-12-31,ios,US,
703,2018-12-31,ios,US,
705,2018-12-31,ios,SG,
706,2018-12-31,ios,RU,
707,2018-12-31,ios,RU,
708,2018-12-31,ios,IR,
709,2018-12-31,ios,RU,
710,2018-12-31,ios,PT,
711,2018-12-31,ios,SK,
712,2018-12-31,ios,RU,
716,2018-12-31,ios,FR,
718,2018-12-31,ios,BE,
727,2018-12-31,ios,RU,
728,2018-12-31,ios,IQ,
730,2018-12-31,ios,VN,
733,2018-12-31,ios,FR,
736,2018-12-31,ios,US,
737,2018-12-31,ios,US,
738,2018-12-31,ios,BR,
739,2018-12-31,ios,RO,
740,2018-12-31,ios,US,
742,2018-12-31,ios,US,
743,2018-12-31,ios,GB,
744,2018-12-31,ios,US,
746,2018-12-31,ios,US,
748,2018-12-31,ios,RO,
751,2018-12-31,ios,NL,
752,2018-12-31,ios,CA,
755,2018-12-31,ios,AU,
756,2018-12-31,ios,SA,
757,2018-12-31,ios,US,
760,2018-12-31,ios,US,
762,2018-12-31,ios,US,
763,2018-12-31,ios,US,
765,2018-12-31,ios,RU,
767,2018-12-31,ios,GB,
768,2018-12-31,ios,US,
769,2018-12-31,ios,DE,
773,2018-12-31,ios,US,
775,2018-12-31,ios,SE,
777,2018-12-31,ios,FR,
780,2018-12-31,ios,US,
781,2018-12-31,ios,DE,
782,2018-12-31,ios,US,
783,2018-12-31,ios,RU,
784,2018-12-31,ios,AT,
787,2018-12-31,ios,US,
788,2018-12-31,ios,RU,
789,2018-12-31,ios,GB,
790,2018-12-31,ios,US,
791,2018-12-31,ios,AU,
793,2018-12-31,ios,US,
794,2018-12-31,ios,IT,
795,2018-12-31,ios,DE,
801,2018-12-31,ios,US,
802,2018-12-31,ios,CA,
804,2018-12-31,ios,RU,
805,2018-12-31,ios,US,
807,2018-12-31,ios,US,
808,2018-12-31,ios,GB,
811,2018-12-31,ios,FR,
814,2018-12-31,ios,RU,
815,2018-12-31,ios,RU,
816,2018-12-31,ios,DK,
819,2018-12-31,ios,US,
821,2018-12-31,ios,US,
823,2018-12-31,ios,US,
824,2018-12-31,ios,US,
825,2018-12-31,ios,DE,
827,2018-12-31,ios,BE,
828,2018-12-31,ios,US,
829,2018-12-31,ios,NO,
831,2018-12-31,ios,US,
833,2018-12-31,ios,RU,
836,2018-12-31,ios,US,
840,2018-12-31,ios,US,
842,2018-12-31,ios,DE,
845,2018-12-31,ios,SE,
846,2018-12-31,ios,US,
847,2018-12-31,ios,US,
848,2018-12-31,ios,RU,
850,2018-12-31,ios,NL,
851,2018-12-31,ios,RU,
856,2018-12-31,ios,NL,
857,2018-12-31,ios,US,
858,2018-12-31,ios,US,
862,2018-12-31,ios,US,
864,2018-12-31,ios,US,
867,2018-12-31,ios,US,
868,2018-12-31,ios,SE,
869,2018-12-31,ios,US,
870,2018-12-31,ios,RU,
872,2018-12-31,ios,CA,
873,2018-12-31,ios,US,
874,2018-12-31,ios,US,
876,2018-12-31,ios,US,
877,2018-12-31,ios,DE,
879,2018-12-31,ios,US,
882,2018-12-31,ios,US,
884,2018-12-31,ios,CH,
885,2018-12-31,ios,NL,
886,2018-12-31,ios,GB,
887,2018-12-31,ios,DK,
893,2018-12-31,ios,DE,
894,2018-12-31,ios,US,
898,2018-12-31,ios,RU,
899,2018-12-31,ios,RU,
900,2018-12-31,ios,US,
901,2018-12-31,ios,BE,
902,2018-12-31,ios,FR,
905,2018-12-31,ios,ID,
907,2018-12-31,ios,IL,
908,2018-12-31,ios,US,
910,2018-12-31,ios,US,
911,2018-12-31,ios,UA,
912,2018-12-31,ios,US,
915,2018-12-31,ios,NL,
916,2018-12-31,ios,DE,
917,2018-12-31,ios,US,
918,2018-12-31,ios,ES,
919,2018-12-31,ios,US,
921,2018-12-31,ios,SE,
922,2018-12-31,ios,CA,
924,2018-12-31,ios,DE,
925,2018-12-31,ios,US,
926,2018-12-31,ios,US,
927,2018-12-31,ios,GB,
928,2018-12-31,ios,NL,
929,2018-12-31,ios,US,
931,2018-12-31,ios,RU,
934,2018-12-31,ios,AT,
936,2018-12-31,ios,US,
937,2018-12-31,ios,DE,
939,2018-12-31,ios,SE,
941,2018-12-31,ios,US,
942,2018-12-31,ios,FR,
943,2018-12-31,ios,US,
945,2018-12-31,ios,US,
946,2018-12-31,ios,FR,
947,2018-12-31,ios,US,
948,2018-12-31,ios,RU,
949,2018-12-31,ios,US,
951,2018-12-31,ios,US,
952,2018-12-31,ios,US,
954,2018-12-31,ios,US,
959,2018-12-31,ios,CH,
960,2018-12-31,ios,US,
961,2018-12-31,ios,AT,
962,2018-12-31,ios,MX,
964,2018-12-31,ios,PT,
966,2018-12-31,ios,US,
968,2018-12-31,ios,RU,
969,2018-12-31,ios,US,
971,2018-12-31,ios,US,
974,2018-12-31,ios,US,
975,2018-12-31,ios,FR,
976,2018-12-31,ios,CA,
979,2018-12-31,ios,US,
982,2018-12-31,ios,US,
983,2018-12-31,ios,US,
984,2018-12-31,ios,US,
985,2018-12-31,ios,US,
986,2018-12-31,ios,US,
988,2018-12-31,ios,RU,
989,2018-12-31,ios,CH,
992,2018-12-31,ios,DE,
993,2018-12-31,ios,RU,
999,2018-12-31,ios,DE,
1002,2018-12-31,ios,US,
1004,2018-12-31,ios,DE,
1007,2018-12-31,ios,CH,
1008,2018-12-31,ios,RU,
1009,2018-12-31,ios,BE,
1012,2018-12-31,ios,US,
1013,2018-12-31,ios,US,
1015,2018-12-31,ios,DE,
1019,2018-12-31,ios,GB,
1023,2018-12-31,ios,US,
1025,2018-12-31,ios,US,
1026,2018-12-31,ios,US,
1028,2018-12-31,ios,GB,
1031,2018-12-31,ios,US,
1034,2018-12-31,ios,US,
1035,2018-12-31,ios,US,
1036,2018-12-31,ios,FR,
1037,2018-12-31,ios,US,
1038,2018-12-31,ios,US,
1041,2018-12-31,ios,US,
1042,2018-12-31,ios,BR,
1043,2018-12-31,ios,US,
1045,2018-12-31,ios,BR,
1046,2018-12-31,ios,AZ,
1047,2018-12-31,ios,RU,
1048,2018-12-31,ios,RU,
1052,2018-12-31,ios,AU,
1053,2018-12-31,ios,US,
1054,2018-12-31,ios,US,
1055,2018-12-31,ios,RU,
1056,2018-12-31,ios,ES,
1057,2018-12-31,ios,DE,
1060,2018-12-31,ios,US,
1063,2018-12-31,ios,AT,
1065,2018-12-31,ios,FR,
1066,2018-12-31,ios,RU,
1067,2018-12-31,ios,US,
1071,2018-12-31,ios,US,
1072,2018-12-31,ios,GR,
1074,2018-12-31,ios,US,
1075,2018-12-31,ios,NL,
1076,2018-12-31,ios,CA,
1079,2018-12-31,ios,US,
1080,2018-12-31,ios,US,
1082,2018-12-31,ios,ES,
1083,2018-12-31,ios,US,
1084,2018-12-31,ios,US,
1085,2018-12-31,ios,RU,
1087,2018-12-31,ios,US,
1088,2018-12-31,ios,SE,
1091,2018-12-31,ios,US,
1092,2018-12-31,ios,DE,
1093,2018-12-31,ios,US,
1095,2018-12-31,ios,MX,
1097,2018-12-31,ios,US,
1100,2018-12-31,android,RU,
1101,2018-12-31,android,US,
1102,2018-12-31,android,US,
1104,2018-12-31,android,BY,
1105,2018-12-31,android,US,
1107,2018-12-31,android,US,
1112,2018-12-31,android,TR,
1114,2018-12-31,android,HU,
1120,2018-12-31,android,RO,
1123,2018-12-31,android,DE,
1124,2018-12-31,android,FR,
1125,2018-12-31,android,BR,
1129,2018-12-31,android,GB,
1130,2018-12-31,android,RU,
1132,2018-12-31,android,US,
1133,2018-12-31,android,CN,
1134,2018-12-31,android,US,
1136,2018-12-31,android,US,
1137,2018-12-31,android,US,
1138,2018-12-31,android,RU,
1139,2018-12-31,android,US,
1143,2018-12-31,android,RU,
1146,2018-12-31,android,US,
1147,2018-12-31,android,FR,
1148,2018-12-31,android,US,
1149,2018-12-31,android,GB,
1150,2018-12-31,android,PT,
1154,2018-12-31,android,US,
1156,2018-12-31,android,ZA,
1158,2018-12-31,android,ES,
1159,2018-12-31,android,IT,
1161,2018-12-31,android,US,
1162,2018-12-31,android,US,
1163,2018-12-31,android,RU,
1165,2018-12-31,android,KR,
1166,2019-01-01,android,US,
1167,2018-12-31,android,TN,
1170,2018-12-31,android,TW,
1171,2018-12-31,android,US,
1172,2018-12-31,android,FR,
1175,2018-12-31,android,US,
1178,2018-12-31,android,ZA,
1179,2018-12-31,android,FR,
1184,2018-12-31,android,US,
1186,2019-01-01,android,US,
1187,2018-12-31,android,RU,
1189,2018-12-31,android,HU,
1190,2018-12-31,android,BG,
1192,2018-12-31,android,US,
1193,2018-12-31,android,FR,
1194,2018-12-31,android,PL,
1195,2018-12-31,android,BR,
1197,2018-12-31,android,US,
1198,2018-12-31,android,US,
1199,2018-12-31,android,GH,
1200,2018-12-31,android,CZ,
1201,2018-12-31,android,US,
1204,2018-12-31,android,US,
1205,2018-12-31,android,US,
1206,2018-12-31,android,AR,
1208,2018-12-31,android,US,
1210,2018-12-31,android,IN,
1211,2018-12-31,android,DE,
1212,2018-12-31,android,US,
1213,2018-12-31,android,ZA,
1214,2018-12-31,android,US,
1218,2018-12-31,android,BE,
1219,2018-12-31,android,DE,
1220,2018-12-31,android,US,
1222,2018-12-31,android,BR,
1223,2019-01-01,android,RO,
1224,2018-12-31,android,EG,
1225,2018-12-31,android,GB,
1228,2018-12-31,android,US,
1229,2018-12-31,android,US,
1233,2018-12-31,android,GB,
1235,2018-12-31,android,US,
1236,2018-12-31,android,BR,
1237,2018-12-31,android,MM,
1238,2018-12-31,android,US,
1240,2018-12-31,android,US,
1242,2018-12-31,android,GR,
1243,2018-12-31,android,US,
1244,2018-12-31,android,US,
1245,2018-12-31,android,US,
1246,2018-12-31,android,US,
1247,2018-12-31,android,US,
1248,2018-12-31,android,US,
1251,2018-12-31,android,US,
1252,2018-12-31,android,CL,
1253,2018-12-31,android,HU,
1254,2018-12-31,android,ES,
1255,2018-12-31,android,US,
1257,2018-12-31,android,US,
1260,2018-12-31,android,FR,
1261,2018-12-31,android,US,
1264,2018-12-31,android,SG,
1265,2018-12-31,android,NL,
1266,2019-01-01,android,DE,
1267,2018-12-31,android,US,
1271,2018-12-31,android,DE,
1274,2018-12-31,android,US,
1276,2018-12-31,android,US,
1277,2018-12-31,android,IQ,
1278,2018-12-31,android,ID,
1279,2018-12-31,android,BR,
1280,2018-12-31,android,TH,
1281,2018-12-31,android,US,
1282,2019-01-01,android,ES,
1284,2018-12-31,android,US,
1285,2018-12-31,android,RU,
1286,2018-12-31,android,US,
1287,2018-12-31,android,US,
1288,2018-12-31,android,US,
1290,2018-12-31,android,RU,
1292,2018-12-31,android,AU,
1295,2018-12-31,android,PR,
1296,2018-12-31,android,CZ,
1299,2018-12-31,android,UA,
1302,2018-12-31,android,TR,
1304,2018-12-31,android,PR,
1305,2018-12-31,android,CL,
1306,2018-12-31,android,US,
1307,2018-12-31,android,FR,
1308,2018-12-31,android,ZA,
1309,2018-12-31,android,US,
1310,2019-01-01,android,FR,
1312,2018-12-31,android,US,
1313,2018-12-31,android,TR,
1314,2018-12-31,android,RU,
1315,2018-12-31,android,IN,
1317,2018-12-31,android,TR,
1318,2018-12-31,android,ID,
1319,2018-12-31,android,RU,
1321,2018-12-31,android,KZ,
1322,2018-12-31,android,US,
1324,2018-12-31,android,DE,
1325,2018-12-31,android,CA,
1326,2018-12-31,android,UA,
1328,2018-12-31,android,HU,
1329,2018-12-31,android,US,
1330,2018-12-31,android,IT,
1331,2018-12-31,android,US,
1334,2018-12-31,android,US,
1335,2018-12-31,android,IQ,
1336,2018-12-31,android,US,
1338,2018-12-31,android,RU,
1339,2018-12-31,android,US,
1342,2018-12-31,android,CA,
1344,2018-12-31,android,DE,
1346,2018-12-31,android,IR,
1350,2018-12-31,android,US,
1351,2018-12-31,android,US,
1359,2018-12-31,android,ZA,
1360,2018-12-31,android,LY,
1361,2018-12-31,android,US,
1362,2018-12-31,android,BJ,
1363,2018-12-31,android,VN,
1364,2018-12-31,android,CZ,
1365,2018-12-31,android,TH,
1367,2018-12-31,android,JP,
1368,2018-12-31,android,US,
1370,2018-12-31,android,US,
1371,2018-12-31,android,US,
1372,2018-12-31,android,DE,
1373,2018-12-31,android,US,
1374,2018-12-31,android,US,
1375,2018-12-31,android,CH,
1376,2018-12-31,android,GB,
1377,2018-12-31,android,US,
1381,2018-12-31,android,FR,
1382,2018-12-31,android,US,
1386,2018-12-31,android,PL,
1387,2018-12-31,android,US,
1389,2018-12-31,android,RU,
1390,2018-12-31,android,US,
1391,2018-12-31,android,EG,
1392,2018-12-31,android,US,
1395,2018-12-31,android,US,
1397,2018-12-31,android,GB,
1399,2018-12-31,android,RU,
1400,2018-12-31,android,US,
1401,2018-12-31,android,RU,
1403,2018-12-31,android,BE,
1406,2018-12-31,android,US,
1407,2018-12-31,android,FK,
1409,2018-12-31,android,US,
1413,2018-12-31,android,UA,
1414,2018-12-31,android,IT,
1417,2018-12-31,android,US,
1420,2018-12-31,android,US,
1421,2018-12-31,android,US,
1422,2018-12-31,android,US,
1424,2018-12-31,android,IT,
1425,2018-12-31,android,IR,
1426,2018-12-31,android,IR,
1427,2018-12-31,android,RS,
1429,2018-12-31,android,US,
1431,2018-12-31,android,BY,
1433,2018-12-31,android,ZA,
1436,2018-12-31,android,US,
1438,2019-01-01,android,US,
1439,2019-01-01,android,DE,
1440,2018-12-31,android,FR,
1443,2018-12-31,android,FR,
1445,2018-12-31,android,US,
1446,2018-12-31,android,AT,
1449,2018-12-31,android,FR,
1452,2018-12-31,android,GB,
1453,2018-12-31,android,ID,
1454,2018-12-31,android,US,
1455,2018-12-31,android,HU,
1459,2018-12-31,android,RU,
1460,2018-12-31,android,TN,
1461,2019-01-01,android,IR,
1464,2018-12-31,android,US,
1465,2018-12-31,android,RS,
1466,2018-12-31,android,US,
1469,2018-12-31,android,EG,
1470,2018-12-31,android,AU,
1471,2019-01-01,android,DE,
1472,2018-12-31,android,TT,
1474,2018-12-31,android,DE,
1475,2018-12-31,android,MD,
1476,2018-12-31,android,US,
1477,2018-12-31,android,HU,
1478,2018-12-31,android,BR,
1479,2018-12-31,android,TW,
1481,2019-01-01,android,BY,
1482,2018-12-31,android,US,
1485,2018-12-31,android,US,
1486,2018-12-31,android,PL,
1489,2018-12-31,android,EG,
1490,2018-12-31,android,US,
1491,2018-12-31,android,CH,
1494,2018-12-31,android,US,
1495,2018-12-31,android,MY,
1496,2018-12-31,android,US,
1497,2018-12-31,android,RU,
1499,2018-12-31,android,US,
1500,2018-12-31,android,NO,
1502,2018-12-31,android,US,
1503,2018-12-31,android,UA,
1504,2018-12-31,android,US,
1505,2018-12-31,android,NZ,
1506,2019-01-01,android,TH,
1507,2018-12-31,android,US,
1508,2018-12-31,android,FR,
1510,2018-12-31,android,IT,
1515,2018-12-31,android,US,
1518,2019-01-01,android,DE,
1519,2018-12-31,android,VN,
1522,2018-12-31,android,US,
1523,2018-12-31,android,AU,
1524,2018-12-31,android,RO,
1525,2018-12-31,android,US,
1526,2018-12-31,android,US,
1528,2018-12-31,android,GB,
1529,2019-01-01,android,US,
1532,2018-12-31,android,US,
1533,2018-12-31,android,NO,
1537,2018-12-31,android,PR,
1539,2018-12-31,android,ES,
1540,2018-12-31,android,DE,
1543,2018-12-31,android,US,
1546,2018-12-31,android,US,
1547,2018-12-31,android,JP,
1550,2018-12-31,android,PS,
1553,2018-12-31,android,US,
1555,2018-12-31,android,RU,
1557,2018-12-31,android,IN,
1560,2019-01-01,android,UA,
1562,2018-12-31,android,DE,
1565,2018-12-31,android,ID,
1567,2018-12-31,android,FR,
1569,2018-12-31,android,AU,
1570,2018-12-31,android,CA,
1572,2018-12-31,android,US,
1574,2018-12-31,android,GB,
1575,2018-12-31,android,RU,
1576,2018-12-31,android,AU,
1578,2018-12-31,android,BY,
1582,2018-12-31,android,DE,
1584,2018-12-31,android,DE,
1585,2018-12-31,android,MX,
1586,2018-12-31,android,RU,
1587,2018-12-31,android,RU,
1588,2018-12-31,android,US,
1590,2018-12-31,android,US,
1592,2018-12-31,android,TH,
1593,2018-12-31,android,RU,
1594,2018-12-31,android,RU,
1595,2018-12-31,android,RU,
1597,2018-12-31,android,CA,
1598,2018-12-31,android,DE,
1599,2018-12-31,android,US,
1600,2018-12-31,android,IT,
1602,2018-12-31,android,IR,
1605,2018-12-31,android,DE,
1608,2018-12-31,android,DE,
1610,2018-12-31,android,BR,
1612,2018-12-31,android,PT,
1613,2018-12-31,android,US,
1614,2018-12-31,android,TW,
1616,2018-12-31,android,FR,
1618,2018-12-31,android,US,
1620,2018-12-31,android,DE,
1621,2019-01-01,android,US,
1623,2019-01-01,android,US,
1625,2018-12-31,android,DE,
1630,2019-01-01,android,RO,
1634,2018-12-31,android,AF,
1635,2018-12-31,android,DE,
1637,2018-12-31,android,RU,
1638,2018-12-31,android,DE,
1639,2018-12-31,android,FR,
1640,2018-12-31,android,DE,
1641,2018-12-31,android,HU,
1643,2018-12-31,android,PH,
1644,2018-12-31,android,PT,
1645,2018-12-31,android,FR,
1649,2018-12-31,android,RU,
1651,2018-12-31,android,FR,
1652,2018-12-31,android,BS,
1653,2018-12-31,android,CZ,
1656,2018-12-31,android,BR,
1657,2018-12-31,android,US,
1658,2018-12-31,android,US,
1659,2018-12-31,android,DE,
1660,2019-01-01,android,US,
1663,2018-12-31,android,BR,
1664,2018-12-31,android,US,
1667,2018-12-31,android,MY,
1673,2018-12-31,android,TH,
1674,2018-12-31,android,US,
1675,2018-12-31,android,ES,
1677,2018-12-31,android,CA,
1680,2018-12-31,android,HU,
1683,2018-12-31,android,US,
1684,2018-12-31,android,US,
1685,2018-12-31,android,ID,
1686,2018-12-31,android,US,
1687,2018-12-31,android,US,
1688,2018-12-31,android,MY,
1690,2018-12-31,android,FR,
1691,2019-01-01,android,MY,
1692,2018-12-31,android,HN,
1693,2018-12-31,android,CA,
1695,2018-12-31,android,DE,
1696,2018-12-31,android,US,
1697,2018-12-31,android,US,
1699,2018-12-31,android,US,
1700,2018-12-31,android,DE,
1701,2018-12-31,android,DE,
1702,2018-12-31,android,US,
1703,2018-12-31,android,CN,
1704,2018-12-31,android,CA,
1706,2018-12-31,android,GB,
1707,2018-12-31,android,FR,
1708,2018-12-31,android,US,
1713,2019-01-01,android,US,
1714,2019-01-01,android,IT,
1716,2018-12-31,android,DE,
1717,2018-12-31,android,DE,
1718,2019-01-01,android,US,
1720,2018-12-31,android,BR,
1724,2018-12-31,android,DE,
1727,2018-12-31,android,US,
1728,2018-12-31,android,US,
1730,2018-12-31,android,BR,
1732,2018-12-31,android,DE,
1736,2018-12-31,android,US,
1737,2018-12-31,android,MX,
1738,2018-12-31,android,PL,
1739,2018-12-31,android,DE,
1740,2018-12-31,android,FR,
1741,2018-12-31,android,GB,
1743,2018-12-31,android,US,
1744,2018-12-31,android,MY,
1746,2018-12-31,android,KR,
1747,2018-12-31,android,US,
1750,2018-12-31,android,CN,
1751,2018-12-31,android,US,
1752,2018-12-31,android,PF,
1753,2018-12-31,android,US,
1754,2018-12-31,android,GB,
1755,2018-12-31,android,DE,
1756,2018-12-31,android,DE,
1760,2018-12-31,android,US,
1761,2018-12-31,android,RU,
1762,2018-12-31,android,ES,
1765,2018-12-31,android,RU,
1766,2018-12-31,android,CR,
1767,2018-12-31,android,RU,
1768,2018-12-31,android,US,
1769,2018-12-31,android,US,
1771,2019-01-01,android,VN,
1773,2018-12-31,android,SE,
1775,2018-12-31,android,PF,
1776,2018-12-31,android,US,
1777,2018-12-31,android,US,
1778,2018-12-31,android,FR,
1779,2018-12-31,android,FR,
1780,2018-12-31,android,US,
1782,2018-12-31,android,AT,
1783,2018-12-31,android,RU,
1784,2018-12-31,android,RU,
1785,2018-12-31,android,US,
1786,2018-12-31,android,AR,
1787,2018-12-31,android,RU,
1788,2018-12-31,android,TN,
1790,2019-01-01,android,PT,
1791,2018-12-31,android,IR,
1792,2018-12-31,android,RO,
1793,2018-12-31,android,UA,
1797,2018-12-31,android,IT,
1798,2018-12-31,android,MY,
1799,2018-12-31,android,DE,
1800,2018-12-31,android,US,
1801,2018-12-31,android,BR,
1802,2018-12-31,android,CZ,
1803,2019-01-01,android,BB,
1805,2018-12-31,android,US,
1806,2018-12-31,android,RU,
1807,2018-12-31,android,FR,
1813,2018-12-31,android,VN,
1815,2018-12-31,android,FR,
1816,2018-12-31,android,US,
1817,2018-12-31,android,US,
1818,2019-01-01,android,GB,
1820,2018-12-31,android,US,
1821,2018-12-31,android,DE,
1823,2018-12-31,android,AR,
1824,2018-12-31,android,DE,
1825,2019-01-01,android,US,
1828,2018-12-31,android,VN,
1829,2018-12-31,android,PK,
1831,2018-12-31,android,DE,
1833,2018-12-31,android,US,
1834,2018-12-31,android,US,
1835,2018-12-31,android,RU,
1837,2018-12-31,android,US,
1838,2018-12-31,android,BG,
1843,2018-12-31,android,IN,
1844,2018-12-31,android,AR,
1850,2018-12-31,android,NL,
1851,2018-12-31,android,DE,
1852,2018-12-31,android,US,
1854,2018-12-31,android,SV,
1855,2018-12-31,android,BR,
1856,2019-01-01,android,US,
1857,2018-12-31,android,US,
1858,2018-12-31,android,RU,
1860,2018-12-31,android,AL,
1864,2018-12-31,android,RU,
1865,2018-12-31,android,RU,
1867,2018-12-31,android,CH,
1868,2019-01-01,android,KZ,
1871,2019-01-01,android,TH,
1875,2018-12-31,android,FR,
1877,2018-12-31,android,AU,
1878,2018-12-31,android,PR,
1880,2018-12-31,android,US,
1881,2018-12-31,android,PL,
1883,2018-12-31,android,UA,
1884,2018-12-31,android,DE,
1885,2018-12-31,android,MY,
1887,2019-01-01,android,UA,
1888,2019-01-01,android,HU,
1890,2018-12-31,android,AU,
1891,2018-12-31,android,LK,
1892,2018-12-31,android,UA,
1894,2019-01-01,android,PL,
1897,2018-12-31,android,US,
1898,2018-12-31,android,US,
1901,2018-12-31,android,IN,
1903,2018-12-31,android,BE,
1904,2018-12-31,android,IN,
1905,2018-12-31,android,DE,
1906,2018-12-31,android,DE,
1907,2018-12-31,android,TR,
1908,2018-12-31,android,RU,
1909,2018-12-31,android,RU,
1910,2018-12-31,android,US,
1911,2018-12-31,android,US,
1913,2019-01-01,android,GB,
1914,2019-01-01,android,KG,
1916,2019-01-01,android,RU,
1917,2018-12-31,android,GB,
1920,2018-12-31,android,US,
1921,2018-12-31,android,US,
1923,2018-12-31,android,DE,
1930,2018-12-31,android,US,
1931,2018-12-31,android,PH,
1935,2018-12-31,android,GB,
1937,2018-12-31,android,FR,
1938,2018-12-31,android,BR,
1940,2018-12-31,android,DE,
1942,2018-12-31,android,US,
1943,2018-12-31,android,US,
1947,2018-12-31,android,DE,
1950,2018-12-31,android,US,
1951,2018-12-31,android,CR,
1952,2018-12-31,android,HU,
1953,2018-12-31,android,NL,
1954,2018-12-31,android,PH,
1956,2018-12-31,android,ES,
1957,2018-12-31,android,GB,
1958,2018-12-31,android,TH,
1959,2018-12-31,android,US,
1960,2018-12-31,android,ES,
1963,2018-12-31,android,TH,
1967,2018-12-31,android,TH,
1969,2018-12-31,android,DE,
1970,2018-12-31,android,US,
1972,2018-12-31,android,MX,
1974,2019-01-01,android,HU,
1975,2018-12-31,android,NL,
1979,2018-12-31,android,UA,
1984,2018-12-31,android,IT,
1986,2019-01-01,android,RU,
1987,2018-12-31,android,US,
1988,2018-12-31,android,IN,
1993,2018-12-31,android,RU,
1996,2018-12-31,android,VN,
1997,2018-12-31,android,RU,
1998,2018-12-31,android,US,
2000,2019-01-01,android,RU,
2001,2018-12-31,android,AT,
2005,2018-12-31,android,DE,
2007,2018-12-31,android,US,
2008,2018-12-31,android,ID,
2011,2018-12-31,android,FR,
2012,2018-12-31,android,RU,
2013,2018-12-31,android,US,
2016,2018-12-31,android,NL,
2018,2018-12-31,android,CA,
2019,2018-12-31,android,DE,
2020,2018-12-31,android,DE,
2025,2018-12-31,android,RU,
2026,2018-12-31,android,US,
2027,2018-12-31,android,ID,
2031,2018-12-31,android,US,
2032,2018-12-31,android,IN,
2034,2018-12-31,android,US,
2035,2018-12-31,android,US,
2036,2018-12-31,android,HU,
2037,2018-12-31,android,NL,
2038,2018-12-31,android,FR,
2039,2018-12-31,android,RU,
2040,2018-12-31,android,GB,
2041,2018-12-31,android,CA,
2043,2018-12-31,android,DE,
2046,2018-12-31,android,US,
2048,2018-12-31,android,US,
2049,2018-12-31,android,PH,
2050,2019-01-01,android,ES,
2054,2019-01-01,android,FR,
2055,2018-12-31,android,US,
2062,2018-12-31,android,US,
2064,2018-12-31,android,LT,
2066,2018-12-31,android,LR,
2067,2019-01-01,android,FR,
2068,2018-12-31,android,RU,
2071,2018-12-31,android,US,
2074,2018-12-31,android,US,
2075,2019-01-01,android,CO,
2078,2018-12-31,android,CA,
2079,2018-12-31,android,EG,
2080,2019-01-01,android,DE,
2081,2018-12-31,android,RU,
2084,2018-12-31,android,NL,
2085,2019-01-01,android,BR,
2086,2018-12-31,android,DE,
2087,2018-12-31,android,GB,
2091,2018-12-31,android,RU,
2092,2018-12-31,android,GB,
2093,2018-12-31,android,RO,
2095,2018-12-31,android,TT,
2096,2018-12-31,android,KZ,
2097,2018-12-31,android,US,
2100,2018-12-31,android,US,
2101,2018-12-31,android,GB,
2102,2018-12-31,android,HU,
2104,2019-01-01,android,US,
2105,2019-01-01,android,TH,
2106,2018-12-31,android,ID,
2108,2018-12-31,android,CR,
2109,2018-12-31,android,US,
2110,2018-12-31,android,US,
2111,2018-12-31,android,NL,
2112,2018-12-31,android,US,
2113,2018-12-31,android,RU,
2114,2018-12-31,android,FR,
2115,2018-12-31,android,RU,
2116,2018-12-31,android,SK,
2117,2018-12-31,android,SV,
2118,2018-12-31,android,ID,
2120,2018-12-31,android,US,
2124,2018-12-31,android,BR,
2125,2018-12-31,android,RO,
2126,2018-12-31,android,UA,
2130,2018-12-31,android,DE,
2131,2018-12-31,android,DE,
2134,2018-12-31,android,PH,
2136,2019-01-01,android,RU,
2137,2018-12-31,android,PE,
2139,2019-01-01,android,US,
2141,2018-12-31,android,DE,
2145,2018-12-31,android,DE,
2148,2018-12-31,android,NL,
2152,2019-01-01,android,GB,
2155,2018-12-31,android,DE,
2158,2018-12-31,android,CU,
2163,2018-12-31,android,US,
2164,2018-12-31,android,TR,
2166,2018-12-31,android,VN,
2168,2018-12-31,android,DE,
2173,2018-12-31,android,US,
2174,2018-12-31,android,US,
2176,2018-12-31,android,US,
2180,2018-12-31,android,DE,
2181,2018-12-31,android,GR,
2183,2018-12-31,android,US,
2184,2018-12-31,android,GB,
2186,2018-12-31,android,DE,
2187,2018-12-31,android,US,
2192,2018-12-31,android,DE,
2195,2018-12-31,android,US,
2201,2018-12-31,android,US,
2202,2018-12-31,android,DE,
2205,2019-01-01,android,RU,
2207,2018-12-31,android,RU,
2208,2018-12-31,android,DE,
2211,2018-12-31,android,ZA,
2213,2018-12-31,android,BY,
2214,2018-12-31,android,RU,
2215,2018-12-31,android,BN,
2216,2018-12-31,android,BY,
2217,2018-12-31,android,DE,
2218,2018-12-31,android,GB,
2221,2018-12-31,android,CA,
2222,2018-12-31,android,US,
2223,2018-12-31,android,TN,
2227,2018-12-31,android,KZ,
2229,2018-12-31,android,US,
2230,2018-12-31,android,UA,
2231,2018-12-31,android,MT,
2232,2018-12-31,android,VN,
2233,2018-12-31,android,MY,
2234,2018-12-31,android,US,
2235,2018-12-31,android,US,
2237,2018-12-31,android,DE,
2245,2018-12-31,android,ES,
2246,2018-12-31,android,TH,
2247,2018-12-31,android,TW,
2250,2018-12-31,android,RU,
2251,2018-12-31,android,US,
2253,2018-12-31,android,AT,
2254,2018-12-31,android,RU,
2255,2018-12-31,android,ES,
2257,2018-12-31,android,DE,
2259,2018-12-31,android,FR,
2260,2018-12-31,android,KZ,
2263,2018-12-31,android,US,
2265,2018-12-31,android,US,
2267,2019-01-01,android,DE,
2268,2018-12-31,android,NZ,
2272,2018-12-31,android,PT,
2273,2018-12-31,android,IR,
2274,2018-12-31,android,BO,
2275,2018-12-31,android,FR,
2276,2018-12-31,android,FJ,
2277,2018-12-31,android,MM,
2279,2018-12-31,android,BR,
2280,2018-12-31,android,US,
2281,2018-12-31,android,US,
2284,2018-12-31,android,JP,
2285,2018-12-31,android,BR,
2286,2018-12-31,android,NL,
2287,2018-12-31,android,BR,
2291,2018-12-31,android,AU,
2292,2018-12-31,android,MM,
2293,2018-12-31,android,US,
2296,2018-12-31,android,FR,
2297,2018-12-31,android,US,
2300,2018-12-31,android,US,
2305,2018-12-31,android,IT,
2307,2018-12-31,android,RU,
2308,2018-12-31,android,UA,
2311,2018-12-31,android,LU,
2313,2018-12-31,android,SG,
2315,2018-12-31,android,SE,
2316,2018-12-31,android,SE,
2317,2018-12-31,android,US,
2318,2018-12-31,android,PW,
2319,2018-12-31,android,DE,
2320,2018-12-31,android,CA,
2322,2018-12-31,android,US,
2326,2019-01-01,android,US,
2330,2018-12-31,android,RO,
2331,2018-12-31,android,US,
2332,2018-12-31,android,KZ,
2333,2018-12-31,android,CA,
2334,2018-12-31,android,US,
2337,2018-12-31,android,DE,
2338,2018-12-31,android,US,
2340,2018-12-31,android,DE,
2341,2018-12-31,android,UA,
2342,2018-12-31,android,US,
2347,2018-12-31,android,DE,
2349,2018-12-31,android,SE,
2350,2018-12-31,android,US,
2351,2018-12-31,android,US,
2354,2018-12-31,android,DE,
2355,2018-12-31,android,SG,
2356,2018-12-31,android,FR,
2357,2018-12-31,android,US,
2363,2018-12-31,android,LV,
2365,2018-12-31,android,US,
2371,2018-12-31,android,DE,
2373,2018-12-31,android,US,
2374,2018-12-31,android,US,
2376,2018-12-31,android,KH,
2377,2019-01-01,android,US,
2379,2019-01-01,android,US,
2380,2018-12-31,android,RU,
2383,2018-12-31,android,US,
2384,2018-12-31,android,DE,
2386,2018-12-31,android,BR,
2387,2018-12-31,android,DE,
2388,2018-12-31,android,US,
2389,2018-12-31,android,RU,
2391,2019-01-01,android,US,
2392,2018-12-31,android,US,
2395,2018-12-31,android,US,
2396,2018-12-31,android,BR,
2397,2018-12-31,android,DE,
2398,2018-12-31,android,US,
2399,2018-12-31,android,FR,
2401,2018-12-31,android,US,
2402,2018-12-31,android,GP,
2406,2018-12-31,android,SE,
2410,2018-12-31,android,US,
2411,2018-12-31,android,US,
2417,2018-12-31,android,DE,
2419,2018-12-31,android,GB,
2425,2018-12-31,android,BR,
2426,2018-12-31,android,DE,
2427,2018-12-31,android,TH,
2428,2018-12-31,android,CL,
2429,2018-12-31,android,RU,
2430,2018-12-31,android,TH,
2432,2018-12-31,android,BR,
2433,2018-12-31,android,SG,
2436,2018-12-31,android,CA,
2437,2019-01-01,android,IN,
2438,2018-12-31,android,DE,
2441,2018-12-31,android,US,
2442,2018-12-31,android,US,
2445,2018-12-31,android,RU,
2446,2018-12-31,android,CA,
2447,2019-01-01,android,RU,
2449,2018-12-31,android,AR,
2450,2018-12-31,android,ES,
2451,2018-12-31,android,UA,
2453,2018-12-31,android,US,
2456,2019-01-01,android,FR,
2457,2018-12-31,android,RU,
2459,2018-12-31,android,US,
2460,2019-01-01,android,KR,
2461,2018-12-31,android,RU,
2462,2018-12-31,android,IN,
2465,2018-12-31,android,DE,
2469,2018-12-31,android,BY,
2472,2018-12-31,android,RU,
2473,2018-12-31,android,AU,
2477,2018-12-31,android,RS,
2478,2018-12-31,android,US,
2481,2018-12-31,android,BA,
2484,2018-12-31,android,FR,
2485,2018-12-31,android,MY,
2486,2018-12-31,android,IT,
2487,2019-01-01,android,US,
2488,2018-12-31,android,GR,
2489,2018-12-31,android,RU,
2492,2018-12-31,android,TW,
2493,2018-12-31,android,IE,
2494,2018-12-31,android,FR,
2497,2018-12-31,android,ES,
2498,2018-12-31,android,US,
2499,2018-12-31,android,DE,
2500,2018-12-31,android,US,
2501,2018-12-31,android,IT,
2504,2018-12-31,android,RU,
2506,2018-12-31,android,ID,
2509,2018-12-31,android,US,
2510,2018-12-31,android,US,
2513,2018-12-31,android,RU,
2514,2018-12-31,android,IT,
2515,2018-12-31,android,DE,
2516,2019-01-01,android,NL,
2519,2018-12-31,android,GB,
2520,2018-12-31,android,CA,
2522,2018-12-31,android,BE,
2523,2018-12-31,android,HU,
2524,2018-12-31,android,UA,
2526,2018-12-31,android,DE,
2527,2018-12-31,android,FR,
2528,2018-12-31,android,US,
2531,2018-12-31,android,FR,
2532,2018-12-31,android,DE,
2533,2018-12-31,android,BR,
2536,2018-12-31,android,ZA,
2541,2018-12-31,android,FR,
2543,2018-12-31,android,US,
2544,2018-12-31,android,CN,
2545,2019-01-01,android,DE,
2546,2019-01-01,android,RU,
2547,2018-12-31,android,AU,
2548,2018-12-31,android,RU,
2549,2018-12-31,android,DE,
2551,2018-12-31,android,DE,
2556,2018-12-31,android,DE,
2559,2018-12-31,android,US,
2560,2018-12-31,android,GB,
2561,2019-01-01,android,DE,
2562,2018-12-31,android,US,
2563,2018-12-31,android,US,
2564,2018-12-31,android,US,
2565,2018-12-31,android,US,
2566,2018-12-31,android,US,
2567,2018-12-31,android,NL,
2573,2018-12-31,android,DE,
2574,2018-12-31,android,FR,
2579,2018-12-31,android,PL,
2580,2018-12-31,android,DE,
2581,2018-12-31,android,FR,
2582,2018-12-31,android,RU,
2583,2018-12-31,android,US,
2584,2018-12-31,android,PH,
2585,2018-12-31,android,CO,
2586,2018-12-31,android,UA,
2588,2018-12-31,android,US,
2589,2018-12-31,android,IR,
2590,2018-12-31,android,IQ,
2594,2018-12-31,android,HU,
2595,2018-12-31,android,FR,
2597,2018-12-31,android,US,
2598,2018-12-31,android,FR,
2599,2018-12-31,android,IT,
2600,2018-12-31,android,US,
2601,2018-12-31,android,UA,
2602,2018-12-31,android,GB,
2603,2018-12-31,android,IT,
2604,2018-12-31,android,FR,
2605,2018-12-31,android,DE,
2606,2018-12-31,android,UA,
2609,2018-12-31,android,VN,
2613,2018-12-31,android,RU,
2618,2018-12-31,android,RU,
2620,2018-12-31,android,DE,
2622,2018-12-31,android,RU,
2623,2018-12-31,android,RU,
2625,2018-12-31,android,US,
2629,2019-01-01,android,GB,
2630,2018-12-31,android,US,
2632,2018-12-31,android,US,
2633,2018-12-31,android,US,
2634,2018-12-31,android,US,
2635,2018-12-31,android,ZA,
2637,2018-12-31,android,RU,
2638,2019-01-01,android,DE,
2641,2018-12-31,android,US,
2643,2018-12-31,android,US,
2649,2018-12-31,android,US,
2651,2018-12-31,android,US,
2652,2018-12-31,android,RU,
2653,2018-12-31,android,GB,
2655,2018-12-31,android,US,
2656,2018-12-31,android,BY,
2657,2018-12-31,android,US,
2661,2018-12-31,android,UA,
2663,2018-12-31,android,IT,
2665,2018-12-31,android,DE,
2666,2018-12-31,android,BY,
2667,2018-12-31,android,GB,
2668,2018-12-31,android,DE,
2669,2018-12-31,android,IQ,
2670,2018-12-31,android,IT,
2671,2018-12-31,android,DE,
2672,2019-01-01,android,US,
2673,2018-12-31,android,IT,
2677,2018-12-31,android,VN,
2678,2018-12-31,android,DE,
2680,2019-01-01,android,IT,
2681,2018-12-31,android,US,
2686,2018-12-31,android,SN,
2687,2018-12-31,android,US,
2688,2018-12-31,android,TW,
2689,2019-01-01,android,ID,
2690,2018-12-31,android,US,
2692,2018-12-31,android,DE,
2693,2018-12-31,android,NL,
2695,2018-12-31,android,PL,
2696,2018-12-31,android,MY,
2698,2018-12-31,android,US,
2699,2018-12-31,android,DE,
2700,2018-12-31,android,IT,
2701,2018-12-31,android,DE,
2702,2018-12-31,android,TH,
2704,2018-12-31,android,BR,
2706,2018-12-31,android,PH,
2707,2018-12-31,android,BR,
2709,2018-12-31,android,US,
2710,2018-12-31,android,PL,
2712,2018-12-31,android,US,
2714,2018-12-31,android,US,
2715,2018-12-31,android,GI,
2718,2018-12-31,android,US,
2720,2018-12-31,android,DE,
2721,2018-12-31,android,UA,
2726,2018-12-31,android,US,
2728,2018-12-31,android,CR,
2729,2018-12-31,android,GB,
2730,2018-12-31,android,US,
2732,2018-12-31,android,CH,
2738,2018-12-31,android,CA,
2740,2018-12-31,android,DK,
2741,2018-12-31,android,US,
2742,2018-12-31,android,RU,
2743,2018-12-31,android,FR,
2746,2018-12-31,android,UA,
2748,2018-12-31,android,ID,
2749,2018-12-31,android,DE,
2753,2018-12-31,android,GP,
2754,2018-12-31,android,US,
2756,2018-12-31,android,US,
2757,2018-12-31,android,RO,
2759,2018-12-31,android,SA,
2761,2018-12-31,android,PL,
2762,2018-12-31,android,RE,
2765,2018-12-31,android,US,
2767,2018-12-31,android,TN,
2768,2018-12-31,android,US,
2769,2018-12-31,android,DE,
2772,2018-12-31,android,DE,
2774,2018-12-31,android,HU,
2775,2018-12-31,android,RU,
2777,2018-12-31,android,IT,
2778,2019-01-01,android,US,
2779,2018-12-31,android,DE,
2780,2018-12-31,android,US,
2781,2018-12-31,android,DE,
2783,2018-12-31,android,HU,
2788,2018-12-31,android,FR,
2792,2018-12-31,android,ZA,
2793,2018-12-31,android,CN,
2795,2018-12-31,android,NL,
2796,2019-01-01,android,DE,
2797,2018-12-31,android,DE,
2801,2018-12-31,android,US,
2803,2018-12-31,android,CN,
2805,2018-12-31,android,BG,
2806,2018-12-31,android,US,
2808,2018-12-31,android,DE,
2809,2018-12-31,android,US,
2810,2018-12-31,android,ES,
2811,2018-12-31,android,US,
2812,2018-12-31,android,DE,
2813,2018-12-31,android,US,
2815,2018-12-31,android,UA,
2817,2019-01-01,android,RU,
2819,2018-12-31,android,MY,
2821,2018-12-31,android,ES,
2822,2018-12-31,android,JM,
2823,2018-12-31,android,BY,
2824,2019-01-01,android,FR,
2825,2018-12-31,android,SG,
2827,2018-12-31,android,US,
2828,2018-12-31,android,CA,
2829,2018-12-31,android,US,
2830,2018-12-31,android,CA,
2831,2018-12-31,android,PE,
2832,2019-01-01,android,US,
2833,2018-12-31,android,US,
2834,2019-01-01,android,SG,
2839,2019-01-01,android,DE,
2840,2018-12-31,android,US,
2841,2018-12-31,android,RU,
2842,2018-12-31,android,US,
2843,2019-01-01,android,EC,
2846,2018-12-31,android,CZ,
2847,2018-12-31,android,PL,
2848,2019-01-01,android,FR,
2849,2018-12-31,android,RU,
2852,2018-12-31,android,HU,
2856,2018-12-31,android,US,
2857,2018-12-31,android,UA,
2858,2018-12-31,android,FR,
2860,2019-01-01,android,UA,
2862,2018-12-31,android,RU,
2864,2018-12-31,android,RU,
2865,2018-12-31,android,GR,
2866,2018-12-31,android,ES,
2870,2018-12-31,android,US,
2871,2018-12-31,android,DE,
2872,2018-12-31,android,AU,
2873,2018-12-31,android,RU,
2874,2018-12-31,android,US,
2875,2018-12-31,android,UA,
2876,2018-12-31,android,PT,
2877,2018-12-31,android,DE,
2879,2018-12-31,android,TH,
2881,2018-12-31,android,DE,
2882,2018-12-31,android,BR,
2883,2018-12-31,android,RU,
2884,2018-12-31,android,DE,
2886,2018-12-31,android,TH,
2889,2018-12-31,android,US,
2890,2018-12-31,android,ES,
2891,2018-12-31,android,US,
2892,2018-12-31,android,GA,
2896,2018-12-31,android,GB,
2897,2018-12-31,android,US,
2898,2018-12-31,android,JP,
2902,2018-12-31,android,GB,
2903,2018-12-31,android,US,
2905,2018-12-31,android,BR,
2906,2018-12-31,android,US,
2907,2018-12-31,android,SK,
2908,2018-12-31,android,GB,
2910,2018-12-31,android,VN,
2912,2018-12-31,android,IT,
2913,2018-12-31,android,US,
2914,2019-01-01,android,BE,
2916,2018-12-31,android,CL,
2920,2018-12-31,android,US,
2922,2018-12-31,android,US,
2924,2019-01-01,android,NZ,
2925,2018-12-31,android,US,
2933,2018-12-31,android,FR,
2935,2018-12-31,android,IT,
2936,2018-12-31,android,RU,
2938,2018-12-31,android,RO,
2939,2018-12-31,android,HU,
2940,2018-12-31,android,CA,
2941,2019-01-01,android,US,
2942,2018-12-31,android,DE,
2944,2018-12-31,android,US,
2945,2018-12-31,android,ID,
2947,2018-12-31,android,US,
2948,2019-01-01,android,PL,
2953,2018-12-31,android,GB,
2955,2018-12-31,android,MX,
2956,2018-12-31,android,NL,
2957,2018-12-31,android,US,
2960,2018-12-31,android,CH,
2961,2018-12-31,android,RU,
2962,2018-12-31,android,NL,
2963,2018-12-31,android,PT,
2964,2019-01-01,android,FR,
2966,2018-12-31,android,PT,
2971,2019-01-01,android,RO,
2972,2018-12-31,android,BR,
2977,2018-12-31,android,IT,
2978,2018-12-31,android,RU,
2979,2018-12-31,android,PL,
2980,2018-12-31,android,US,
2981,2018-12-31,android,IT,
2982,2018-12-31,android,ID,
2983,2018-12-31,android,DE,
2986,2018-12-31,android,GB,
2987,2018-12-31,android,PE,
2988,2018-12-31,android,US,
2989,2018-12-31,android,CN,
2990,2019-01-01,android,US,
2992,2018-12-31,android,DE,
2993,2018-12-31,android,FR,
2994,2019-01-01,android,RU,
2995,2018-12-31,android,RU,
2998,2018-12-31,android,BE,
3000,2019-01-01,android,US,
